period_id,period_label,start_date,end_date,team_code,team_name,player_name,mlb_id,positions,is_pitcher,R,HR,RBI,SB,H,AB,AVG,W,SV,K,ER,IP,BB_H,ERA,WHIP
P1,April 20,2025-03-20,2025-04-19,DMK,Diamond Kings,J. Naylor,647304,1B,0,14,4,13,4,25,79,0.316,0,0,0,0,0.0,0,0.0,0.0
P1,April 20,2025-03-20,2025-04-19,DLC,Demolition Lumber Co.,M. Busch,683737,1B,0,13,5,15,0,24,70,0.343,0,0,0,0,0.0,0,0.0,0.0
P1,April 20,2025-03-20,2025-04-19,DDG,Dodger Dawgs,C. Encarnacion-Strand,687952,1B,0,4,2,5,0,9,57,0.158,0,0,0,0,0.0,0,0.0,0.0
P1,April 20,2025-03-20,2025-04-19,SKD,Skunk Dogs,M. Olson,621566,1B,0,6,2,11,0,16,70,0.229,0,0,0,0,0.0,0,0.0,0.0
P1,April 20,2025-03-20,2025-04-19,RGS,RGing Sluggers,F. Freeman,518692,1B,0,6,4,8,0,11,37,0.297,0,0,0,0,0.0,0,0.0,0.0
P1,April 20,2025-03-20,2025-04-19,DMK,Diamond Kings,J. Cronenworth,630105,2B,0,7,2,5,0,9,35,0.257,0,0,0,0,0.0,0,0.0,0.0
P1,April 20,2025-03-20,2025-04-19,DLC,Demolition Lumber Co.,O. Lopez,672640,2B,0,9,2,9,1,17,72,0.236,0,0,0,0,0.0,0,0.0,0.0
P1,April 20,2025-03-20,2025-04-19,DDG,Dodger Dawgs,N. Hoerner,663538,2B,0,10,0,11,6,23,75,0.307,0,0,0,0,0.0,0,0.0,0.0
P1,April 20,2025-03-20,2025-04-19,SKD,Skunk Dogs,M. McLain,680574,2B,0,11,4,9,2,8,44,0.182,0,0,0,0,0.0,0,0.0,0.0
P1,April 20,2025-03-20,2025-04-19,RGS,RGing Sluggers,L. Garcia,671277,2B,0,10,1,5,3,13,63,0.206,0,0,0,0,0.0,0,0.0,0.0
P1,April 20,2025-03-20,2025-04-19,DVD,Devil Dawgs,O. Albies,645277,2B,0,10,4,11,2,19,78,0.244,0,0,0,0,0.0,0,0.0,0.0
P1,April 20,2025-03-20,2025-04-19,LDY,Los Doyers,B. Stott,681082,2B,0,10,1,10,3,20,68,0.294,0,0,0,0,0.0,0,0.0,0.0
P1,April 20,2025-03-20,2025-04-19,DMK,Diamond Kings,E. De La Cruz,682829,SS,0,14,4,21,6,20,83,0.241,0,0,0,0,0.0,0,0.0,0.0
P1,April 20,2025-03-20,2025-04-19,DLC,Demolition Lumber Co.,D. Swanson,621020,SS,0,10,4,11,2,15,86,0.174,0,0,0,0,0.0,0,0.0,0.0
P1,April 20,2025-03-20,2025-04-19,DDG,Dodger Dawgs,F. Lindor,596019,SS,0,11,2,8,2,20,80,0.25,0,0,0,0,0.0,0,0.0,0.0
P1,April 20,2025-03-20,2025-04-19,SKD,Skunk Dogs,T. Turner,607208,SS,0,12,1,6,5,19,74,0.257,0,0,0,0,0.0,0,0.0,0.0
P1,April 20,2025-03-20,2025-04-19,RGS,RGing Sluggers,O. Cruz,665833,SS,0,11,5,11,10,15,64,0.234,0,0,0,0,0.0,0,0.0,0.0
P1,April 20,2025-03-20,2025-04-19,DVD,Devil Dawgs,T. Fitzgerald,666149,SS,0,10,2,6,4,18,61,0.295,0,0,0,0,0.0,0,0.0,0.0
P1,April 20,2025-03-20,2025-04-19,LDY,Los Doyers,M. Betts,605141,SS,0,13,4,10,2,18,71,0.254,0,0,0,0,0.0,0,0.0,0.0
P1,April 20,2025-03-20,2025-04-19,TSH,The Show,X. Bogaerts,593428,SS,0,9,0,5,4,18,71,0.254,0,0,0,0,0.0,0,0.0,0.0
P1,April 20,2025-03-20,2025-04-19,DMK,Diamond Kings,N. Arenado,571448,3B,0,11,2,10,1,21,73,0.288,0,0,0,0,0.0,0,0.0,0.0
P1,April 20,2025-03-20,2025-04-19,DLC,Demolition Lumber Co.,R. McMahon,641857,3B,0,5,2,4,0,15,69,0.217,0,0,0,0,0.0,0,0.0,0.0
P1,April 20,2025-03-20,2025-04-19,DDG,Dodger Dawgs,E. Suarez,660761,3B,0,0,0,0,0,0,0,0.0,0,0,0,0,0.0,0,0.0,0.0
P1,April 20,2025-03-20,2025-04-19,SKD,Skunk Dogs,A. Bohm,664761,3B,0,7,0,6,1,16,83,0.193,0,0,0,0,0.0,0,0.0,0.0
P1,April 20,2025-03-20,2025-04-19,RGS,RGing Sluggers,M. Chapman,656305,3B,0,12,4,14,3,18,72,0.25,0,0,0,0,0.0,0,0.0,0.0
P1,April 20,2025-03-20,2025-04-19,DVD,Devil Dawgs,A. Riley,663586,3B,0,10,5,12,0,22,83,0.265,0,0,0,0,0.0,0,0.0,0.0
P1,April 20,2025-03-20,2025-04-19,TSH,The Show,M. Machado,592518,3B,0,16,2,10,6,24,79,0.304,0,0,0,0,0.0,0,0.0,0.0
P1,April 20,2025-03-20,2025-04-19,DMK,Diamond Kings,F. Tatis Jr.,665487,OF,0,19,7,15,7,27,77,0.351,0,0,0,0,0.0,0,0.0,0.0
P1,April 20,2025-03-20,2025-04-19,DLC,Demolition Lumber Co.,C. Carroll,682998,OF,0,19,7,19,4,30,88,0.341,0,0,0,0,0.0,0,0.0,0.0
P1,April 20,2025-03-20,2025-04-19,DDG,Dodger Dawgs,J. Chourio,694192,OF,0,16,5,18,2,23,91,0.253,0,0,0,0,0.0,0,0.0,0.0
P1,April 20,2025-03-20,2025-04-19,RGS,RGing Sluggers,B. Donovan,680977,OF,0,13,3,13,3,30,83,0.361,0,0,0,0,0.0,0,0.0,0.0
P1,April 20,2025-03-20,2025-04-19,DVD,Devil Dawgs,J. Merrill,701538,OF,0,7,3,10,1,14,37,0.378,0,0,0,0,0.0,0,0.0,0.0
P1,April 20,2025-03-20,2025-04-19,LDY,Los Doyers,T. Hernandez,606192,OF,0,8,5,16,2,18,68,0.265,0,0,0,0,0.0,0,0.0,0.0
P1,April 20,2025-03-20,2025-04-19,TSH,The Show,M. Harris II,671739,OF,0,7,3,9,3,15,75,0.2,0,0,0,0,0.0,0,0.0,0.0
P1,April 20,2025-03-20,2025-04-19,DMK,Diamond Kings,D. Crews,686611,OF,0,11,2,4,4,11,62,0.177,0,0,0,0,0.0,0,0.0,0.0
P1,April 20,2025-03-20,2025-04-19,DLC,Demolition Lumber Co.,R. Acuna Jr.,660670,OF,0,0,0,0,0,0,0,0.0,0,0,0,0,0.0,0,0.0,0.0
P1,April 20,2025-03-20,2025-04-19,DDG,Dodger Dawgs,J. Wood,695578,OF,0,13,7,17,3,19,75,0.253,0,0,0,0,0.0,0,0.0,0.0
P1,April 20,2025-03-20,2025-04-19,SKD,Skunk Dogs,"N,. Castellanos",592206,OF,0,10,3,13,0,23,75,0.307,0,0,0,0,0.0,0,0.0,0.0
P1,April 20,2025-03-20,2025-04-19,RGS,RGing Sluggers,S. Steer,668715,OF,0,6,1,3,0,6,54,0.111,0,0,0,0,0.0,0,0.0,0.0
P1,April 20,2025-03-20,2025-04-19,DVD,Devil Dawgs,S. Suzuki,673548,OF,0,13,6,18,1,22,70,0.314,0,0,0,0,0.0,0,0.0,0.0
P1,April 20,2025-03-20,2025-04-19,LDY,Los Doyers,J. Soto,665742,OF,0,15,3,9,2,18,75,0.24,0,0,0,0,0.0,0,0.0,0.0
P1,April 20,2025-03-20,2025-04-19,TSH,The Show,P. Crow-Armstrong,691718,OF,0,18,3,10,7,24,82,0.293,0,0,0,0,0.0,0,0.0,0.0
P1,April 20,2025-03-20,2025-04-19,DMK,Diamond Kings,N. Jones,666134,OF,0,2,0,2,1,8,46,0.174,0,0,0,0,0.0,0,0.0,0.0
P1,April 20,2025-03-20,2025-04-19,DDG,Dodger Dawgs,B. Doyle,686668,OF,0,7,3,12,1,17,54,0.315,0,0,0,0,0.0,0,0.0,0.0
P1,April 20,2025-03-20,2025-04-19,SKD,Skunk Dogs,L. Nootbaar,663457,OF,0,12,3,10,2,19,75,0.253,0,0,0,0,0.0,0,0.0,0.0
P1,April 20,2025-03-20,2025-04-19,DVD,Devil Dawgs,B. Reynolds,668804,OF,0,8,3,10,1,19,85,0.224,0,0,0,0,0.0,0,0.0,0.0
P1,April 20,2025-03-20,2025-04-19,LDY,Los Doyers,J.H. Lee,808982,OF,0,19,3,14,3,27,76,0.355,0,0,0,0,0.0,0,0.0,0.0
P1,April 20,2025-03-20,2025-04-19,TSH,The Show,I. Happ,664023,OF,0,18,2,11,1,22,90,0.244,0,0,0,0,0.0,0,0.0,0.0
P1,April 20,2025-03-20,2025-04-19,DMK,Diamond Kings,S. Frelick,686217,OF,0,11,1,6,5,23,72,0.319,0,0,0,0,0.0,0,0.0,0.0
P1,April 20,2025-03-20,2025-04-19,DLC,Demolition Lumber Co.,T. Edman,669242,OF,0,14,6,13,1,21,74,0.284,0,0,0,0,0.0,0,0.0,0.0
P1,April 20,2025-03-20,2025-04-19,SKD,Skunk Dogs,L. Gurriel Jr.,666971,OF,0,8,4,13,0,12,74,0.162,0,0,0,0,0.0,0,0.0,0.0
P1,April 20,2025-03-20,2025-04-19,RGS,RGing Sluggers,B. Nimmo,607043,OF,0,8,4,9,0,16,80,0.2,0,0,0,0,0.0,0,0.0,0.0
P1,April 20,2025-03-20,2025-04-19,DVD,Devil Dawgs,H. Ramos,671218,OF,0,15,3,9,2,19,88,0.216,0,0,0,0,0.0,0,0.0,0.0
P1,April 20,2025-03-20,2025-04-19,TSH,The Show,J Profar,595777,OF,0,2,0,0,0,3,15,0.2,0,0,0,0,0.0,0,0.0,0.0
P1,April 20,2025-03-20,2025-04-19,DMK,Diamond Kings,J. Sanchez,660821,OF,0,1,0,0,0,4,18,0.222,0,0,0,0,0.0,0,0.0,0.0
P1,April 20,2025-03-20,2025-04-19,DLC,Demolition Lumber Co.,G. Mitchell,669003,OF,0,7,0,3,1,12,54,0.222,0,0,0,0,0.0,0,0.0,0.0
P1,April 20,2025-03-20,2025-04-19,SKD,Skunk Dogs,T. Friedl,670770,OF,0,11,1,9,3,23,75,0.307,0,0,0,0,0.0,0,0.0,0.0
P1,April 20,2025-03-20,2025-04-19,RGS,RGing Sluggers,J. McNeil,643446,OF,0,0,0,0,0,0,0,0.0,0,0,0,0,0.0,0,0.0,0.0
P1,April 20,2025-03-20,2025-04-19,LDY,Los Doyers,A. Burleson,676475,OF,0,5,0,5,2,15,60,0.25,0,0,0,0,0.0,0,0.0,0.0
P1,April 20,2025-03-20,2025-04-19,TSH,The Show,J. McCarthy,664983,OF,0,2,0,3,1,3,41,0.073,0,0,0,0,0.0,0,0.0,0.0
P1,April 20,2025-03-20,2025-04-19,DMK,Diamond Kings,I. Herrera,671056,C,0,6,4,11,0,8,21,0.381,0,0,0,0,0.0,0,0.0,0.0
P1,April 20,2025-03-20,2025-04-19,DLC,Demolition Lumber Co.,P. Bailey,672275,C,0,7,0,6,0,9,56,0.161,0,0,0,0,0.0,0,0.0,0.0
P1,April 20,2025-03-20,2025-04-19,DDG,Dodger Dawgs,K. Ruiz,660688,C,0,9,2,11,0,21,68,0.309,0,0,0,0,0.0,0,0.0,0.0
P1,April 20,2025-03-20,2025-04-19,SKD,Skunk Dogs,D. Baldwin,686948,C,0,1,1,4,0,9,38,0.237,0,0,0,0,0.0,0,0.0,0.0
P1,April 20,2025-03-20,2025-04-19,LDY,Los Doyers,W. Smith,669257,C,0,4,2,12,1,16,51,0.314,0,0,0,0,0.0,0,0.0,0.0
P1,April 20,2025-03-20,2025-04-19,DMK,Diamond Kings,T. Stephenson,663886,C,0,0,0,0,0,0,0,0.0,0,0,0,0,0.0,0,0.0,0.0
P1,April 20,2025-03-20,2025-04-19,DLC,Demolition Lumber Co.,D. Rushing,687221,C,0,0,0,0,0,0,0,0.0,0,0,0,0,0.0,0,0.0,0.0
P1,April 20,2025-03-20,2025-04-19,DDG,Dodger Dawgs,F. Alvarez,682626,C,0,0,0,0,0,0,0,0.0,0,0,0,0,0.0,0,0.0,0.0
P1,April 20,2025-03-20,2025-04-19,SKD,Skunk Dogs,H. Goodman,696100,C,0,8,3,8,0,13,57,0.228,0,0,0,0,0.0,0,0.0,0.0
P1,April 20,2025-03-20,2025-04-19,DVD,Devil Dawgs,G. Moreno,672515,C,0,9,0,2,0,11,50,0.22,0,0,0,0,0.0,0,0.0,0.0
P1,April 20,2025-03-20,2025-04-19,LDY,Los Doyers,S. Murphy,669221,C,0,5,4,8,0,7,35,0.2,0,0,0,0,0.0,0,0.0,0.0
P1,April 20,2025-03-20,2025-04-19,SKD,Skunk Dogs,K. Hayes,663647,CM,0,8,1,8,3,14,71,0.197,0,0,0,0,0.0,0,0.0,0.0
P1,April 20,2025-03-20,2025-04-19,RGS,RGing Sluggers,C. Norby,681393,CM,0,2,0,0,0,2,11,0.182,0,0,0,0,0.0,0,0.0,0.0
P1,April 20,2025-03-20,2025-04-19,DVD,Devil Dawgs,M. Vientos,668901,CM,0,7,2,6,0,12,72,0.167,0,0,0,0,0.0,0,0.0,0.0
P1,April 20,2025-03-20,2025-04-19,LDY,Los Doyers,M. Shaw,807713,CM,0,10,1,3,0,9,49,0.184,0,0,0,0,0.0,0,0.0,0.0
P1,April 20,2025-03-20,2025-04-19,TSH,The Show,B. Harper,547180,CM,0,15,5,12,5,20,76,0.263,0,0,0,0,0.0,0,0.0,0.0
P1,April 20,2025-03-20,2025-04-19,DMK,Diamond Kings,W. Adames,642715,MI,0,11,1,9,1,16,84,0.19,0,0,0,0,0.0,0,0.0,0.0
P1,April 20,2025-03-20,2025-04-19,DLC,Demolition Lumber Co.,L. Acuna,682668,MI,0,9,0,1,6,11,41,0.268,0,0,0,0,0.0,0,0.0,0.0
P1,April 20,2025-03-20,2025-04-19,DDG,Dodger Dawgs,CJ. Abrams,682928,MI,0,6,4,7,4,10,41,0.244,0,0,0,0,0.0,0,0.0,0.0
P1,April 20,2025-03-20,2025-04-19,SKD,Skunk Dogs,X. Edwards,669364,MI,0,11,0,7,6,26,82,0.317,0,0,0,0,0.0,0,0.0,0.0
P1,April 20,2025-03-20,2025-04-19,RGS,RGing Sluggers,E. Tovar,678662,MI,0,4,0,4,2,14,66,0.212,0,0,0,0,0.0,0,0.0,0.0
P1,April 20,2025-03-20,2025-04-19,DVD,Devil Dawgs,G. Perdomo,621121,MI,0,0,0,0,0,0,0,0.0,0,0,0,0,0.0,0,0.0,0.0
P1,April 20,2025-03-20,2025-04-19,LDY,Los Doyers,M. Winn,691026,MI,0,8,1,3,0,10,45,0.222,0,0,0,0,0.0,0,0.0,0.0
P1,April 20,2025-03-20,2025-04-19,TSH,The Show,B. Turang,668930,MI,0,20,3,10,5,26,84,0.31,0,0,0,0,0.0,0,0.0,0.0
P1,April 20,2025-03-20,2025-04-19,DLC,Demolition Lumber Co.,S. Ohtani,660271,DH,0,18,5,7,5,20,72,0.278,0,0,0,0,0.0,0,0.0,0.0
P1,April 20,2025-03-20,2025-04-19,DDG,Dodger Dawgs,C. Yelich,592885,DH,0,8,4,14,3,13,71,0.183,0,0,0,0,0.0,0,0.0,0.0
P1,April 20,2025-03-20,2025-04-19,SKD,Skunk Dogs,K. Marte,606466,DH,0,6,0,1,0,9,26,0.346,0,0,0,0,0.0,0,0.0,0.0
P1,April 20,2025-03-20,2025-04-19,DMK,Diamond Kings,T. Glasnow,607192,P,1,0,0,0,0,0,0,0.0,1,0,17,7,13.0,16,4.85,1.23
P1,April 20,2025-03-20,2025-04-19,DLC,Demolition Lumber Co.,P. Skenes,694973,P,1,0,0,0,0,0,0,0.0,2,0,30,10,31.33,25,2.87,0.8
P1,April 20,2025-03-20,2025-04-19,DDG,Dodger Dawgs,C. Burnes,669203,P,1,0,0,0,0,0,0,0.0,0,0,17,11,21.33,30,4.64,1.41
P1,April 20,2025-03-20,2025-04-19,SKD,Skunk Dogs,C. Sale,519242,P,1,0,0,0,0,0,0,0.0,0,0,32,16,23.33,38,6.17,1.63
P1,April 20,2025-03-20,2025-04-19,RGS,RGing Sluggers,Y. Yamamoto,808967,P,1,0,0,0,0,0,0,0.0,2,0,34,2,24.0,21,0.75,0.88
P1,April 20,2025-03-20,2025-04-19,DVD,Devil Dawgs,J. Steele,657006,P,1,0,0,0,0,0,0,0.0,3,0,16,7,18.67,20,3.38,1.07
P1,April 20,2025-03-20,2025-04-19,LDY,Los Doyers,S. Alcantara,645261,P,1,0,0,0,0,0,0,0.0,2,0,13,14,17.33,24,7.27,1.38
P1,April 20,2025-03-20,2025-04-19,TSH,The Show,B. Snell,605483,P,1,0,0,0,0,0,0,0.0,1,0,4,2,9.0,18,2.0,2.0
P1,April 20,2025-03-20,2025-04-19,DMK,Diamond Kings,R. Sasaki,808963,P,1,0,0,0,0,0,0,0.0,0,0,13,6,16.67,23,3.24,1.38
P1,April 20,2025-03-20,2025-04-19,DLC,Demolition Lumber Co.,Z. Wheeler,554430,P,1,0,0,0,0,0,0,0.0,2,0,41,13,31.33,31,3.73,0.99
P1,April 20,2025-03-20,2025-04-19,DDG,Dodger Dawgs,S. Strider,675911,P,1,0,0,0,0,0,0,0.0,0,0,5,2,5.0,6,3.6,1.2
P1,April 20,2025-03-20,2025-04-19,SKD,Skunk Dogs,S. Ohtani,660271,P,1,18,5,7,5,20,72,0.278,0,0,0,0,0.0,0,0.0,0.0
P1,April 20,2025-03-20,2025-04-19,RGS,RGing Sluggers,L. Webb,657277,P,1,0,0,0,0,0,0,0.0,2,0,38,8,30.0,31,2.4,1.03
P1,April 20,2025-03-20,2025-04-19,DVD,Devil Dawgs,H. Greene,668881,P,1,0,0,0,0,0,0,0.0,2,0,35,8,30.67,24,2.35,0.78
P1,April 20,2025-03-20,2025-04-19,LDY,Los Doyers,K. Senga,673540,P,1,0,0,0,0,0,0,0.0,3,0,20,2,22.67,22,0.79,0.97
P1,April 20,2025-03-20,2025-04-19,DMK,Diamond Kings,Y. Darvish,506433,P,1,0,0,0,0,0,0,0.0,0,0,0,0,0.0,0,0.0,0.0
P1,April 20,2025-03-20,2025-04-19,DDG,Dodger Dawgs,S. Schwellenbach,680885,P,1,0,0,0,0,0,0,0.0,1,0,22,7,24.67,21,2.55,0.85
P1,April 20,2025-03-20,2025-04-19,SKD,Skunk Dogs,A. Nola,605400,P,1,0,0,0,0,0,0,0.0,0,0,25,16,21.67,36,6.65,1.66
P1,April 20,2025-03-20,2025-04-19,RGS,RGing Sluggers,S. Imanaga,684007,P,1,0,0,0,0,0,0,0.0,2,0,19,7,24.33,24,2.59,0.99
P1,April 20,2025-03-20,2025-04-19,DVD,Devil Dawgs,M. Kelly,547184,P,1,0,0,0,0,0,0,0.0,0,0,0,0,0.0,0,0.0,0.0
P1,April 20,2025-03-20,2025-04-19,LDY,Los Doyers,R. Ray,592662,P,1,0,0,0,0,0,0,0.0,3,0,21,9,19.33,30,4.19,1.55
P1,April 20,2025-03-20,2025-04-19,TSH,The Show,N. Lodolo,666157,P,1,0,0,0,0,0,0,0.0,2,0,14,6,23.33,19,2.31,0.81
P1,April 20,2025-03-20,2025-04-19,DMK,Diamond Kings,M. Keller,656605,P,1,0,0,0,0,0,0,0.0,1,0,17,11,23.0,31,4.3,1.35
P1,April 20,2025-03-20,2025-04-19,DLC,Demolition Lumber Co.,I. Anderson,681982,P,1,0,0,0,0,0,0,0.0,1,0,13,4,12.33,16,2.92,1.3
P1,April 20,2025-03-20,2025-04-19,DDG,Dodger Dawgs,F. Peralta,642547,P,1,0,0,0,0,0,0,0.0,2,0,33,6,28.33,29,1.91,1.02
P1,April 20,2025-03-20,2025-04-19,SKD,Skunk Dogs,B. Pfaadt,694297,P,1,0,0,0,0,0,0,0.0,3,0,18,8,23.67,26,3.04,1.1
P1,April 20,2025-03-20,2025-04-19,RGS,RGing Sluggers,A. Abbott,671096,P,1,0,0,0,0,0,0,0.0,2,0,16,2,11.0,7,1.64,0.64
P1,April 20,2025-03-20,2025-04-19,DVD,Devil Dawgs,S. Gray,543243,P,1,0,0,0,0,0,0,0.0,3,0,23,8,23.0,18,3.13,0.78
P1,April 20,2025-03-20,2025-04-19,LDY,Los Doyers,N. Pivetta,601713,P,1,0,0,0,0,0,0,0.0,3,0,24,4,23.0,19,1.57,0.83
P1,April 20,2025-03-20,2025-04-19,DMK,Diamond Kings,Ra. Suarez,660761,P,1,0,0,0,0,0,0,0.0,1,0,5,2,7.33,10,2.45,1.36
P1,April 20,2025-03-20,2025-04-19,SKD,Skunk Dogs,C. Sanchez,650911,P,1,0,0,0,0,0,0,0.0,2,0,31,8,24.33,28,2.96,1.15
P1,April 20,2025-03-20,2025-04-19,RGS,RGing Sluggers,B. Singer,663903,P,1,0,0,0,0,0,0,0.0,3,0,24,9,21.33,27,3.8,1.27
P1,April 20,2025-03-20,2025-04-19,DVD,Devil Dawgs,D. Peterson,656849,P,1,0,0,0,0,0,0,0.0,1,0,26,8,22.0,30,3.27,1.36
P1,April 20,2025-03-20,2025-04-19,TSH,The Show,J. Taillon,592791,P,1,0,0,0,0,0,0,0.0,1,0,18,13,21.67,27,5.4,1.25
P1,April 20,2025-03-20,2025-04-19,DLC,Demolition Lumber Co.,T. Myers,668964,P,1,0,0,0,0,0,0,0.0,0,0,0,0,0.0,0,0.0,0.0
P1,April 20,2025-03-20,2025-04-19,DDG,Dodger Dawgs,M. Gore,669022,P,1,0,0,0,0,0,0,0.0,2,0,45,11,29.0,35,3.41,1.21
P1,April 20,2025-03-20,2025-04-19,SKD,Skunk Dogs,J. Luzardo,666200,P,1,0,0,0,0,0,0,0.0,2,0,29,6,23.33,25,2.31,1.07
P1,April 20,2025-03-20,2025-04-19,DVD,Devil Dawgs,R. Lopez,625643,P,1,0,0,0,0,0,0,0.0,0,0,1,3,5.0,11,5.4,2.2
P1,April 20,2025-03-20,2025-04-19,TSH,The Show,C. Holmes,605280,P,1,0,0,0,0,0,0,0.0,2,0,28,8,19.67,29,3.66,1.47
P1,April 20,2025-03-20,2025-04-19,DLC,Demolition Lumber Co.,A.J. Puk,640462,P,1,0,0,0,0,0,0,0.0,0,4,12,3,8.0,10,3.38,1.25
P1,April 20,2025-03-20,2025-04-19,DDG,Dodger Dawgs,C. Doval,666808,P,1,0,0,0,0,0,0,0.0,1,2,5,3,8.33,8,3.24,0.96
P1,April 20,2025-03-20,2025-04-19,SKD,Skunk Dogs,D. Bednar,670280,P,1,0,0,0,0,0,0,0.0,0,1,3,3,2.0,8,13.5,4.0
P1,April 20,2025-03-20,2025-04-19,DVD,Devil Dawgs,G. Holmes,656550,P,1,0,0,0,0,0,0,0.0,1,0,15,7,16.67,19,3.78,1.14
P1,April 20,2025-03-20,2025-04-19,TSH,The Show,N. Cortes,666126,P,1,0,0,0,0,0,0,0.0,0,0,0,0,0.0,0,0.0,0.0
P1,April 20,2025-03-20,2025-04-19,DDG,Dodger Dawgs,Ro. Suarez,660761,P,1,0,0,0,0,0,0,0.0,1,0,5,2,7.33,10,2.45,1.36
P1,April 20,2025-03-20,2025-04-19,RGS,RGing Sluggers,K. Harrison,690986,P,1,0,0,0,0,0,0,0.0,0,0,0,0,0.0,0,0.0,0.0
P1,April 20,2025-03-20,2025-04-19,DVD,Devil Dawgs,J. Martinez,679885,P,1,0,0,0,0,0,0,0.0,1,2,10,0,7.0,4,0.0,0.57
P1,April 20,2025-03-20,2025-04-19,DMK,Diamond Kings,T. Scott,656945,P,1,0,0,0,0,0,0,0.0,0,6,9,3,10.0,11,2.7,1.1
P1,April 20,2025-03-20,2025-04-19,DDG,Dodger Dawgs,R. Helsley,664854,P,1,0,0,0,0,0,0,0.0,0,3,9,2,7.0,11,2.57,1.57
P1,April 20,2025-03-20,2025-04-19,RGS,RGing Sluggers,C. Faucher,676534,P,1,0,0,0,0,0,0,0.0,0,1,6,4,6.33,9,5.68,1.42
P1,April 20,2025-03-20,2025-04-19,DVD,Devil Dawgs,R. Walker,676254,P,1,0,0,0,0,0,0,0.0,0,5,6,1,8.0,5,1.12,0.62
P1,April 20,2025-03-20,2025-04-19,LDY,Los Doyers,T. Kinley,663855,P,1,0,0,0,0,0,0,0.0,1,0,19,15,22.33,31,6.04,1.39
P1,April 20,2025-03-20,2025-04-19,TSH,The Show,R. Iglesias,628452,P,1,0,0,0,0,0,0,0.0,0,4,8,3,8.0,5,3.38,0.62
P2,May 18,2025-04-20,2025-05-17,DMK,Diamond Kings,J. Naylor,647304,1B,0,9,1,15,4,27,90,0.3,0,0,0,0,0.0,0,0.0,0.0
P2,May 18,2025-04-20,2025-05-17,DLC,Demolition Lumber Co.,M. Busch,683737,1B,0,8,2,9,1,12,69,0.174,0,0,0,0,0.0,0,0.0,0.0
P2,May 18,2025-04-20,2025-05-17,DDG,Dodger Dawgs,C. Encarnacion-Strand,687952,1B,0,0,0,0,0,0,0,0.0,0,0,0,0,0.0,0,0.0,0.0
P2,May 18,2025-04-20,2025-05-17,SKD,Skunk Dogs,M. Olson,621566,1B,0,19,7,13,0,23,98,0.235,0,0,0,0,0.0,0,0.0,0.0
P2,May 18,2025-04-20,2025-05-17,RGS,RGing Sluggers,F. Freeman,518692,1B,0,20,5,26,0,37,91,0.407,0,0,0,0,0.0,0,0.0,0.0
P2,May 18,2025-04-20,2025-05-17,DMK,Diamond Kings,J. Cronenworth,630105,2B,0,5,1,5,1,8,27,0.296,0,0,0,0,0.0,0,0.0,0.0
P2,May 18,2025-04-20,2025-05-17,DLC,Demolition Lumber Co.,O. Lopez,672640,2B,0,6,0,2,2,8,37,0.216,0,0,0,0,0.0,0,0.0,0.0
P2,May 18,2025-04-20,2025-05-17,DDG,Dodger Dawgs,N. Hoerner,663538,2B,0,16,0,8,4,24,90,0.267,0,0,0,0,0.0,0,0.0,0.0
P2,May 18,2025-04-20,2025-05-17,SKD,Skunk Dogs,M. McLain,680574,2B,0,12,2,7,8,18,95,0.189,0,0,0,0,0.0,0,0.0,0.0
P2,May 18,2025-04-20,2025-05-17,RGS,RGing Sluggers,L. Garcia,671277,2B,0,9,2,11,3,19,77,0.247,0,0,0,0,0.0,0,0.0,0.0
P2,May 18,2025-04-20,2025-05-17,DVD,Devil Dawgs,O. Albies,645277,2B,0,13,1,5,3,22,105,0.21,0,0,0,0,0.0,0,0.0,0.0
P2,May 18,2025-04-20,2025-05-17,LDY,Los Doyers,B. Stott,681082,2B,0,14,3,14,6,21,88,0.239,0,0,0,0,0.0,0,0.0,0.0
P2,May 18,2025-04-20,2025-05-17,DMK,Diamond Kings,E. De La Cruz,682829,SS,0,16,4,10,9,26,100,0.26,0,0,0,0,0.0,0,0.0,0.0
P2,May 18,2025-04-20,2025-05-17,DLC,Demolition Lumber Co.,D. Swanson,621020,SS,0,21,6,14,4,27,82,0.329,0,0,0,0,0.0,0,0.0,0.0
P2,May 18,2025-04-20,2025-05-17,DDG,Dodger Dawgs,F. Lindor,596019,SS,0,18,7,20,4,33,103,0.32,0,0,0,0,0.0,0,0.0,0.0
P2,May 18,2025-04-20,2025-05-17,SKD,Skunk Dogs,T. Turner,607208,SS,0,17,1,9,5,34,103,0.33,0,0,0,0,0.0,0,0.0,0.0
P2,May 18,2025-04-20,2025-05-17,RGS,RGing Sluggers,O. Cruz,665833,SS,0,12,3,7,6,16,71,0.225,0,0,0,0,0.0,0,0.0,0.0
P2,May 18,2025-04-20,2025-05-17,DVD,Devil Dawgs,T. Fitzgerald,666149,SS,0,5,0,1,1,8,27,0.296,0,0,0,0,0.0,0,0.0,0.0
P2,May 18,2025-04-20,2025-05-17,LDY,Los Doyers,M. Betts,605141,SS,0,24,2,18,3,25,93,0.269,0,0,0,0,0.0,0,0.0,0.0
P2,May 18,2025-04-20,2025-05-17,TSH,The Show,X. Bogaerts,593428,SS,0,11,3,15,4,20,80,0.25,0,0,0,0,0.0,0,0.0,0.0
P2,May 18,2025-04-20,2025-05-17,DMK,Diamond Kings,N. Arenado,571448,3B,0,10,2,8,0,18,88,0.205,0,0,0,0,0.0,0,0.0,0.0
P2,May 18,2025-04-20,2025-05-17,DLC,Demolition Lumber Co.,R. McMahon,641857,3B,0,16,4,7,1,17,84,0.202,0,0,0,0,0.0,0,0.0,0.0
P2,May 18,2025-04-20,2025-05-17,DDG,Dodger Dawgs,E. Suarez,660761,3B,0,0,0,0,0,0,0,0.0,0,0,0,0,0.0,0,0.0,0.0
P2,May 18,2025-04-20,2025-05-17,SKD,Skunk Dogs,A. Bohm,664761,3B,0,10,2,8,0,26,78,0.333,0,0,0,0,0.0,0,0.0,0.0
P2,May 18,2025-04-20,2025-05-17,RGS,RGing Sluggers,M. Chapman,656305,3B,0,13,4,10,2,18,92,0.196,0,0,0,0,0.0,0,0.0,0.0
P2,May 18,2025-04-20,2025-05-17,DVD,Devil Dawgs,A. Riley,663586,3B,0,11,3,15,2,31,106,0.292,0,0,0,0,0.0,0,0.0,0.0
P2,May 18,2025-04-20,2025-05-17,TSH,The Show,M. Machado,592518,3B,0,16,1,10,1,28,82,0.341,0,0,0,0,0.0,0,0.0,0.0
P2,May 18,2025-04-20,2025-05-17,DMK,Diamond Kings,F. Tatis Jr.,665487,OF,0,17,4,11,1,24,90,0.267,0,0,0,0,0.0,0,0.0,0.0
P2,May 18,2025-04-20,2025-05-17,DLC,Demolition Lumber Co.,C. Carroll,682998,OF,0,19,7,13,5,25,105,0.238,0,0,0,0,0.0,0,0.0,0.0
P2,May 18,2025-04-20,2025-05-17,DDG,Dodger Dawgs,J. Chourio,694192,OF,0,9,2,7,6,25,103,0.243,0,0,0,0,0.0,0,0.0,0.0
P2,May 18,2025-04-20,2025-05-17,RGS,RGing Sluggers,B. Donovan,680977,OF,0,12,0,8,0,24,88,0.273,0,0,0,0,0.0,0,0.0,0.0
P2,May 18,2025-04-20,2025-05-17,DVD,Devil Dawgs,J. Merrill,701538,OF,0,7,1,7,0,15,39,0.385,0,0,0,0,0.0,0,0.0,0.0
P2,May 18,2025-04-20,2025-05-17,LDY,Los Doyers,T. Hernandez,606192,OF,0,12,4,17,2,22,54,0.407,0,0,0,0,0.0,0,0.0,0.0
P2,May 18,2025-04-20,2025-05-17,TSH,The Show,M. Harris II,671739,OF,0,5,0,16,4,25,102,0.245,0,0,0,0,0.0,0,0.0,0.0
P2,May 18,2025-04-20,2025-05-17,DMK,Diamond Kings,D. Crews,686611,OF,0,11,3,7,7,17,91,0.187,0,0,0,0,0.0,0,0.0,0.0
P2,May 18,2025-04-20,2025-05-17,DLC,Demolition Lumber Co.,R. Acuna Jr.,660670,OF,0,0,0,0,0,0,0,0.0,0,0,0,0,0.0,0,0.0,0.0
P2,May 18,2025-04-20,2025-05-17,DDG,Dodger Dawgs,J. Wood,695578,OF,0,15,5,11,3,30,104,0.288,0,0,0,0,0.0,0,0.0,0.0
P2,May 18,2025-04-20,2025-05-17,SKD,Skunk Dogs,"N,. Castellanos",592206,OF,0,8,1,12,1,25,98,0.255,0,0,0,0,0.0,0,0.0,0.0
P2,May 18,2025-04-20,2025-05-17,RGS,RGing Sluggers,S. Steer,668715,OF,0,16,3,9,3,25,99,0.253,0,0,0,0,0.0,0,0.0,0.0
P2,May 18,2025-04-20,2025-05-17,DVD,Devil Dawgs,S. Suzuki,673548,OF,0,11,5,19,0,20,94,0.213,0,0,0,0,0.0,0,0.0,0.0
P2,May 18,2025-04-20,2025-05-17,LDY,Los Doyers,J. Soto,665742,OF,0,18,5,11,3,23,88,0.261,0,0,0,0,0.0,0,0.0,0.0
P2,May 18,2025-04-20,2025-05-17,TSH,The Show,P. Crow-Armstrong,691718,OF,0,16,9,28,7,27,90,0.3,0,0,0,0,0.0,0,0.0,0.0
P2,May 18,2025-04-20,2025-05-17,DMK,Diamond Kings,N. Jones,666134,OF,0,5,2,5,2,10,57,0.175,0,0,0,0,0.0,0,0.0,0.0
P2,May 18,2025-04-20,2025-05-17,DDG,Dodger Dawgs,B. Doyle,686668,OF,0,6,1,5,3,12,86,0.14,0,0,0,0,0.0,0,0.0,0.0
P2,May 18,2025-04-20,2025-05-17,SKD,Skunk Dogs,L. Nootbaar,663457,OF,0,17,4,14,2,26,102,0.255,0,0,0,0,0.0,0,0.0,0.0
P2,May 18,2025-04-20,2025-05-17,DVD,Devil Dawgs,B. Reynolds,668804,OF,0,9,3,12,2,17,93,0.183,0,0,0,0,0.0,0,0.0,0.0
P2,May 18,2025-04-20,2025-05-17,LDY,Los Doyers,J.H. Lee,808982,OF,0,11,3,15,0,23,101,0.228,0,0,0,0,0.0,0,0.0,0.0
P2,May 18,2025-04-20,2025-05-17,TSH,The Show,I. Happ,664023,OF,0,11,1,7,1,19,63,0.302,0,0,0,0,0.0,0,0.0,0.0
P2,May 18,2025-04-20,2025-05-17,DMK,Diamond Kings,S. Frelick,686217,OF,0,6,1,4,3,16,75,0.213,0,0,0,0,0.0,0,0.0,0.0
P2,May 18,2025-04-20,2025-05-17,DLC,Demolition Lumber Co.,T. Edman,669242,OF,0,4,1,9,1,5,27,0.185,0,0,0,0,0.0,0,0.0,0.0
P2,May 18,2025-04-20,2025-05-17,SKD,Skunk Dogs,L. Gurriel Jr.,666971,OF,0,9,3,14,1,26,92,0.283,0,0,0,0,0.0,0,0.0,0.0
P2,May 18,2025-04-20,2025-05-17,RGS,RGing Sluggers,B. Nimmo,607043,OF,0,11,4,18,1,22,86,0.256,0,0,0,0,0.0,0,0.0,0.0
P2,May 18,2025-04-20,2025-05-17,DVD,Devil Dawgs,H. Ramos,671218,OF,0,16,4,13,1,30,82,0.366,0,0,0,0,0.0,0,0.0,0.0
P2,May 18,2025-04-20,2025-05-17,TSH,The Show,J Profar,595777,OF,0,0,0,0,0,0,0,0.0,0,0,0,0,0.0,0,0.0,0.0
P2,May 18,2025-04-20,2025-05-17,DMK,Diamond Kings,J. Sanchez,660821,OF,0,6,1,8,4,16,73,0.219,0,0,0,0,0.0,0,0.0,0.0
P2,May 18,2025-04-20,2025-05-17,DLC,Demolition Lumber Co.,G. Mitchell,669003,OF,0,2,0,0,2,2,14,0.143,0,0,0,0,0.0,0,0.0,0.0
P2,May 18,2025-04-20,2025-05-17,SKD,Skunk Dogs,T. Friedl,670770,OF,0,13,2,8,5,21,89,0.236,0,0,0,0,0.0,0,0.0,0.0
P2,May 18,2025-04-20,2025-05-17,RGS,RGing Sluggers,J. McNeil,643446,OF,0,4,2,7,0,11,48,0.229,0,0,0,0,0.0,0,0.0,0.0
P2,May 18,2025-04-20,2025-05-17,LDY,Los Doyers,A. Burleson,676475,OF,0,6,3,10,1,17,57,0.298,0,0,0,0,0.0,0,0.0,0.0
P2,May 18,2025-04-20,2025-05-17,TSH,The Show,J. McCarthy,664983,OF,0,0,0,0,0,0,0,0.0,0,0,0,0,0.0,0,0.0,0.0
P2,May 18,2025-04-20,2025-05-17,DMK,Diamond Kings,I. Herrera,671056,C,0,6,1,7,0,11,25,0.44,0,0,0,0,0.0,0,0.0,0.0
P2,May 18,2025-04-20,2025-05-17,DLC,Demolition Lumber Co.,P. Bailey,672275,C,0,6,0,6,0,12,62,0.194,0,0,0,0,0.0,0,0.0,0.0
P2,May 18,2025-04-20,2025-05-17,DDG,Dodger Dawgs,K. Ruiz,660688,C,0,6,0,5,0,22,84,0.262,0,0,0,0,0.0,0,0.0,0.0
P2,May 18,2025-04-20,2025-05-17,SKD,Skunk Dogs,D. Baldwin,686948,C,0,8,4,10,0,19,41,0.463,0,0,0,0,0.0,0,0.0,0.0
P2,May 18,2025-04-20,2025-05-17,LDY,Los Doyers,W. Smith,669257,C,0,9,1,8,1,21,61,0.344,0,0,0,0,0.0,0,0.0,0.0
P2,May 18,2025-04-20,2025-05-17,DMK,Diamond Kings,T. Stephenson,663886,C,0,4,1,5,0,8,42,0.19,0,0,0,0,0.0,0,0.0,0.0
P2,May 18,2025-04-20,2025-05-17,DLC,Demolition Lumber Co.,D. Rushing,687221,C,0,4,0,2,0,4,9,0.444,0,0,0,0,0.0,0,0.0,0.0
P2,May 18,2025-04-20,2025-05-17,DDG,Dodger Dawgs,F. Alvarez,682626,C,0,4,1,7,0,14,52,0.269,0,0,0,0,0.0,0,0.0,0.0
P2,May 18,2025-04-20,2025-05-17,SKD,Skunk Dogs,H. Goodman,696100,C,0,16,4,21,0,35,103,0.34,0,0,0,0,0.0,0,0.0,0.0
P2,May 18,2025-04-20,2025-05-17,DVD,Devil Dawgs,G. Moreno,672515,C,0,11,1,8,1,20,67,0.299,0,0,0,0,0.0,0,0.0,0.0
P2,May 18,2025-04-20,2025-05-17,LDY,Los Doyers,S. Murphy,669221,C,0,8,4,10,0,16,64,0.25,0,0,0,0,0.0,0,0.0,0.0
P2,May 18,2025-04-20,2025-05-17,SKD,Skunk Dogs,K. Hayes,663647,CM,0,2,0,7,2,27,90,0.3,0,0,0,0,0.0,0,0.0,0.0
P2,May 18,2025-04-20,2025-05-17,RGS,RGing Sluggers,C. Norby,681393,CM,0,12,2,9,4,22,80,0.275,0,0,0,0,0.0,0,0.0,0.0
P2,May 18,2025-04-20,2025-05-17,DVD,Devil Dawgs,M. Vientos,668901,CM,0,12,3,12,0,25,82,0.305,0,0,0,0,0.0,0,0.0,0.0
P2,May 18,2025-04-20,2025-05-17,LDY,Los Doyers,M. Shaw,807713,CM,0,0,0,0,0,0,0,0.0,0,0,0,0,0.0,0,0.0,0.0
P2,May 18,2025-04-20,2025-05-17,TSH,The Show,B. Harper,547180,CM,0,11,2,14,2,23,92,0.25,0,0,0,0,0.0,0,0.0,0.0
P2,May 18,2025-04-20,2025-05-17,DMK,Diamond Kings,W. Adames,642715,MI,0,17,4,13,1,25,98,0.255,0,0,0,0,0.0,0,0.0,0.0
P2,May 18,2025-04-20,2025-05-17,DLC,Demolition Lumber Co.,L. Acuna,682668,MI,0,8,0,5,4,18,69,0.261,0,0,0,0,0.0,0,0.0,0.0
P2,May 18,2025-04-20,2025-05-17,DDG,Dodger Dawgs,CJ. Abrams,682928,MI,0,15,2,9,5,31,95,0.326,0,0,0,0,0.0,0,0.0,0.0
P2,May 18,2025-04-20,2025-05-17,SKD,Skunk Dogs,X. Edwards,669364,MI,0,7,0,4,5,19,89,0.213,0,0,0,0,0.0,0,0.0,0.0
P2,May 18,2025-04-20,2025-05-17,RGS,RGing Sluggers,E. Tovar,678662,MI,0,2,1,2,0,6,10,0.6,0,0,0,0,0.0,0,0.0,0.0
P2,May 18,2025-04-20,2025-05-17,DVD,Devil Dawgs,G. Perdomo,621121,MI,0,0,0,0,0,0,0,0.0,0,0,0,0,0.0,0,0.0,0.0
P2,May 18,2025-04-20,2025-05-17,LDY,Los Doyers,M. Winn,691026,MI,0,17,4,12,2,23,77,0.299,0,0,0,0,0.0,0,0.0,0.0
P2,May 18,2025-04-20,2025-05-17,TSH,The Show,B. Turang,668930,MI,0,12,0,6,7,21,75,0.28,0,0,0,0,0.0,0,0.0,0.0
P2,May 18,2025-04-20,2025-05-17,DLC,Demolition Lumber Co.,S. Ohtani,660271,DH,0,28,10,21,5,31,97,0.32,0,0,0,0,0.0,0,0.0,0.0
P2,May 18,2025-04-20,2025-05-17,DDG,Dodger Dawgs,C. Yelich,592885,DH,0,11,3,12,5,19,92,0.207,0,0,0,0,0.0,0,0.0,0.0
P2,May 18,2025-04-20,2025-05-17,SKD,Skunk Dogs,K. Marte,606466,DH,0,11,5,8,1,10,48,0.208,0,0,0,0,0.0,0,0.0,0.0
P2,May 18,2025-04-20,2025-05-17,DMK,Diamond Kings,T. Glasnow,607192,P,1,0,0,0,0,0,0,0.0,0,0,6,2,5.0,7,3.6,1.4
P2,May 18,2025-04-20,2025-05-17,DLC,Demolition Lumber Co.,P. Skenes,694973,P,1,0,0,0,0,0,0,0.0,1,0,23,6,23.33,30,2.31,1.29
P2,May 18,2025-04-20,2025-05-17,DDG,Dodger Dawgs,C. Burnes,669203,P,1,0,0,0,0,0,0,0.0,3,0,26,2,24.33,27,0.74,1.11
P2,May 18,2025-04-20,2025-05-17,SKD,Skunk Dogs,C. Sale,519242,P,1,0,0,0,0,0,0,0.0,2,0,40,6,31.33,36,1.72,1.15
P2,May 18,2025-04-20,2025-05-17,RGS,RGing Sluggers,Y. Yamamoto,808967,P,1,0,0,0,0,0,0,0.0,2,0,21,9,22.0,25,3.68,1.14
P2,May 18,2025-04-20,2025-05-17,DVD,Devil Dawgs,J. Steele,657006,P,1,0,0,0,0,0,0,0.0,0,0,0,0,0.0,0,0.0,0.0
P2,May 18,2025-04-20,2025-05-17,LDY,Los Doyers,S. Alcantara,645261,P,1,0,0,0,0,0,0,0.0,0,0,21,23,24.33,43,8.51,1.77
P2,May 18,2025-04-20,2025-05-17,TSH,The Show,B. Snell,605483,P,1,0,0,0,0,0,0,0.0,0,0,0,0,0.0,0,0.0,0.0
P2,May 18,2025-04-20,2025-05-17,DMK,Diamond Kings,R. Sasaki,808963,P,1,0,0,0,0,0,0,0.0,1,0,8,11,14.67,22,6.75,1.5
P2,May 18,2025-04-20,2025-05-17,DLC,Demolition Lumber Co.,Z. Wheeler,554430,P,1,0,0,0,0,0,0,0.0,3,0,39,6,32.67,26,1.65,0.8
P2,May 18,2025-04-20,2025-05-17,DDG,Dodger Dawgs,S. Strider,675911,P,1,0,0,0,0,0,0,0.0,0,0,0,0,0.0,0,0.0,0.0
P2,May 18,2025-04-20,2025-05-17,SKD,Skunk Dogs,S. Ohtani,660271,P,1,28,10,21,5,31,97,0.32,0,0,0,0,0.0,0,0.0,0.0
P2,May 18,2025-04-20,2025-05-17,RGS,RGing Sluggers,L. Webb,657277,P,1,0,0,0,0,0,0,0.0,3,0,31,9,33.33,40,2.43,1.2
P2,May 18,2025-04-20,2025-05-17,DVD,Devil Dawgs,H. Greene,668881,P,1,0,0,0,0,0,0,0.0,2,0,26,4,15.0,13,2.4,0.87
P2,May 18,2025-04-20,2025-05-17,LDY,Los Doyers,K. Senga,673540,P,1,0,0,0,0,0,0,0.0,1,0,22,3,21.67,30,1.25,1.38
P2,May 18,2025-04-20,2025-05-17,DMK,Diamond Kings,Y. Darvish,506433,P,1,0,0,0,0,0,0,0.0,0,0,0,0,0.0,0,0.0,0.0
P2,May 18,2025-04-20,2025-05-17,DDG,Dodger Dawgs,S. Schwellenbach,680885,P,1,0,0,0,0,0,0,0.0,1,0,24,13,29.67,37,3.94,1.25
P2,May 18,2025-04-20,2025-05-17,SKD,Skunk Dogs,A. Nola,605400,P,1,0,0,0,0,0,0,0.0,1,0,27,18,28.0,39,5.79,1.39
P2,May 18,2025-04-20,2025-05-17,RGS,RGing Sluggers,S. Imanaga,684007,P,1,0,0,0,0,0,0,0.0,1,0,13,7,16.33,21,3.86,1.29
P2,May 18,2025-04-20,2025-05-17,DVD,Devil Dawgs,M. Kelly,547184,P,1,0,0,0,0,0,0,0.0,0,0,0,0,0.0,0,0.0,0.0
P2,May 18,2025-04-20,2025-05-17,LDY,Los Doyers,R. Ray,592662,P,1,0,0,0,0,0,0,0.0,3,0,34,8,31.0,33,2.32,1.06
P2,May 18,2025-04-20,2025-05-17,TSH,The Show,N. Lodolo,666157,P,1,0,0,0,0,0,0,0.0,1,0,28,14,29.33,38,4.3,1.3
P2,May 18,2025-04-20,2025-05-17,DMK,Diamond Kings,M. Keller,656605,P,1,0,0,0,0,0,0,0.0,0,0,26,13,29.0,38,4.03,1.31
P2,May 18,2025-04-20,2025-05-17,DLC,Demolition Lumber Co.,I. Anderson,681982,P,1,0,0,0,0,0,0,0.0,0,0,11,5,12.0,16,3.75,1.33
P2,May 18,2025-04-20,2025-05-17,DDG,Dodger Dawgs,F. Peralta,642547,P,1,0,0,0,0,0,0,0.0,2,0,19,9,22.33,25,3.63,1.12
P2,May 18,2025-04-20,2025-05-17,SKD,Skunk Dogs,B. Pfaadt,694297,P,1,0,0,0,0,0,0,0.0,3,0,26,13,27.0,40,4.33,1.48
P2,May 18,2025-04-20,2025-05-17,RGS,RGing Sluggers,A. Abbott,671096,P,1,0,0,0,0,0,0,0.0,0,0,22,5,19.0,25,2.37,1.32
P2,May 18,2025-04-20,2025-05-17,DVD,Devil Dawgs,S. Gray,543243,P,1,0,0,0,0,0,0,0.0,1,0,28,17,27.0,41,5.67,1.52
P2,May 18,2025-04-20,2025-05-17,LDY,Los Doyers,N. Pivetta,601713,P,1,0,0,0,0,0,0,0.0,2,0,32,12,27.33,31,3.95,1.13
P2,May 18,2025-04-20,2025-05-17,DMK,Diamond Kings,Ra. Suarez,660761,P,1,0,0,0,0,0,0,0.0,0,0,0,0,0.0,0,0.0,0.0
P2,May 18,2025-04-20,2025-05-17,SKD,Skunk Dogs,C. Sanchez,650911,P,1,0,0,0,0,0,0,0.0,2,0,21,6,19.0,25,2.84,1.32
P2,May 18,2025-04-20,2025-05-17,RGS,RGing Sluggers,B. Singer,663903,P,1,0,0,0,0,0,0,0.0,2,0,19,17,25.33,34,6.04,1.34
P2,May 18,2025-04-20,2025-05-17,DVD,Devil Dawgs,D. Peterson,656849,P,1,0,0,0,0,0,0,0.0,1,0,17,7,22.33,30,2.82,1.34
P2,May 18,2025-04-20,2025-05-17,TSH,The Show,J. Taillon,592791,P,1,0,0,0,0,0,0,0.0,1,0,24,12,28.0,28,3.86,1.0
P2,May 18,2025-04-20,2025-05-17,DLC,Demolition Lumber Co.,T. Myers,668964,P,1,0,0,0,0,0,0,0.0,1,0,15,11,20.0,36,4.95,1.8
P2,May 18,2025-04-20,2025-05-17,DDG,Dodger Dawgs,M. Gore,669022,P,1,0,0,0,0,0,0,0.0,0,0,39,12,27.33,38,3.95,1.39
P2,May 18,2025-04-20,2025-05-17,SKD,Skunk Dogs,J. Luzardo,666200,P,1,0,0,0,0,0,0,0.0,2,0,28,6,30.67,39,1.76,1.27
P2,May 18,2025-04-20,2025-05-17,DVD,Devil Dawgs,R. Lopez,625643,P,1,0,0,0,0,0,0,0.0,0,0,0,0,0.0,0,0.0,0.0
P2,May 18,2025-04-20,2025-05-17,TSH,The Show,C. Holmes,605280,P,1,0,0,0,0,0,0,0.0,3,0,20,9,29.0,32,2.79,1.1
P2,May 18,2025-04-20,2025-05-17,DLC,Demolition Lumber Co.,A.J. Puk,640462,P,1,0,0,0,0,0,0,0.0,0,0,0,0,0.0,0,0.0,0.0
P2,May 18,2025-04-20,2025-05-17,DDG,Dodger Dawgs,C. Doval,666808,P,1,0,0,0,0,0,0,0.0,2,3,14,0,13.33,8,0.0,0.6
P2,May 18,2025-04-20,2025-05-17,SKD,Skunk Dogs,D. Bednar,670280,P,1,0,0,0,0,0,0,0.0,0,2,16,3,10.67,9,2.53,0.84
P2,May 18,2025-04-20,2025-05-17,DVD,Devil Dawgs,G. Holmes,656550,P,1,0,0,0,0,0,0,0.0,1,0,34,16,35.0,42,4.11,1.2
P2,May 18,2025-04-20,2025-05-17,TSH,The Show,N. Cortes,666126,P,1,0,0,0,0,0,0,0.0,0,0,0,0,0.0,0,0.0,0.0
P2,May 18,2025-04-20,2025-05-17,DDG,Dodger Dawgs,Ro. Suarez,660761,P,1,0,0,0,0,0,0,0.0,0,0,0,0,0.0,0,0.0,0.0
P2,May 18,2025-04-20,2025-05-17,RGS,RGing Sluggers,K. Harrison,690986,P,1,0,0,0,0,0,0,0.0,0,0,5,1,4.0,4,2.25,1.0
P2,May 18,2025-04-20,2025-05-17,DVD,Devil Dawgs,J. Martinez,679885,P,1,0,0,0,0,0,0,0.0,0,1,1,3,3.0,7,9.0,2.33
P2,May 18,2025-04-20,2025-05-17,DMK,Diamond Kings,T. Scott,656945,P,1,0,0,0,0,0,0,0.0,0,2,11,1,9.67,4,0.93,0.41
P2,May 18,2025-04-20,2025-05-17,DDG,Dodger Dawgs,R. Helsley,664854,P,1,0,0,0,0,0,0,0.0,1,6,7,3,9.0,12,3.0,1.33
P2,May 18,2025-04-20,2025-05-17,RGS,RGing Sluggers,C. Faucher,676534,P,1,0,0,0,0,0,0,0.0,2,1,9,0,8.67,12,0.0,1.38
P2,May 18,2025-04-20,2025-05-17,DVD,Devil Dawgs,R. Walker,676254,P,1,0,0,0,0,0,0,0.0,1,2,9,9,8.0,18,10.12,2.25
P2,May 18,2025-04-20,2025-05-17,LDY,Los Doyers,T. Kinley,663855,P,1,0,0,0,0,0,0,0.0,0,0,22,18,23.0,38,7.04,1.65
P2,May 18,2025-04-20,2025-05-17,TSH,The Show,R. Iglesias,628452,P,1,0,0,0,0,0,0,0.0,3,4,12,9,10.33,21,7.84,2.03
P3,June 08,2025-05-18,2025-06-07,DMK,Diamond Kings,J. Naylor,647304,1B,0,7,2,11,1,16,67,0.239,0,0,0,0,0.0,0,0.0,0.0
P3,June 08,2025-05-18,2025-06-07,DLC,Demolition Lumber Co.,M. Busch,683737,1B,0,7,3,14,1,17,47,0.362,0,0,0,0,0.0,0,0.0,0.0
P3,June 08,2025-05-18,2025-06-07,DDG,Dodger Dawgs,C. Encarnacion-Strand,687952,1B,0,2,2,5,0,5,10,0.5,0,0,0,0,0.0,0,0.0,0.0
P3,June 08,2025-05-18,2025-06-07,SKD,Skunk Dogs,M. Olson,621566,1B,0,12,4,10,0,16,65,0.246,0,0,0,0,0.0,0,0.0,0.0
P3,June 08,2025-05-18,2025-06-07,RGS,RGing Sluggers,F. Freeman,518692,1B,0,8,0,6,0,22,70,0.314,0,0,0,0,0.0,0,0.0,0.0
P3,June 08,2025-05-18,2025-06-07,DMK,Diamond Kings,J. Cronenworth,630105,2B,0,6,1,5,0,12,59,0.203,0,0,0,0,0.0,0,0.0,0.0
P3,June 08,2025-05-18,2025-06-07,DLC,Demolition Lumber Co.,O. Lopez,672640,2B,0,7,3,11,3,14,63,0.222,0,0,0,0,0.0,0,0.0,0.0
P3,June 08,2025-05-18,2025-06-07,DDG,Dodger Dawgs,N. Hoerner,663538,2B,0,11,0,9,3,21,71,0.296,0,0,0,0,0.0,0,0.0,0.0
P3,June 08,2025-05-18,2025-06-07,SKD,Skunk Dogs,M. McLain,680574,2B,0,3,0,4,1,9,56,0.161,0,0,0,0,0.0,0,0.0,0.0
P3,June 08,2025-05-18,2025-06-07,RGS,RGing Sluggers,L. Garcia,671277,2B,0,9,2,11,1,20,58,0.345,0,0,0,0,0.0,0,0.0,0.0
P3,June 08,2025-05-18,2025-06-07,DVD,Devil Dawgs,O. Albies,645277,2B,0,8,1,8,1,15,59,0.254,0,0,0,0,0.0,0,0.0,0.0
P3,June 08,2025-05-18,2025-06-07,LDY,Los Doyers,B. Stott,681082,2B,0,6,0,2,2,12,62,0.194,0,0,0,0,0.0,0,0.0,0.0
P3,June 08,2025-05-18,2025-06-07,DMK,Diamond Kings,E. De La Cruz,682829,SS,0,19,4,12,4,17,63,0.27,0,0,0,0,0.0,0,0.0,0.0
P3,June 08,2025-05-18,2025-06-07,DLC,Demolition Lumber Co.,D. Swanson,621020,SS,0,6,1,8,1,14,72,0.194,0,0,0,0,0.0,0,0.0,0.0
P3,June 08,2025-05-18,2025-06-07,DDG,Dodger Dawgs,F. Lindor,596019,SS,0,13,5,10,7,20,70,0.286,0,0,0,0,0.0,0,0.0,0.0
P3,June 08,2025-05-18,2025-06-07,SKD,Skunk Dogs,T. Turner,607208,SS,0,15,5,15,7,24,79,0.304,0,0,0,0,0.0,0,0.0,0.0
P3,June 08,2025-05-18,2025-06-07,RGS,RGing Sluggers,O. Cruz,665833,SS,0,12,4,10,6,15,65,0.231,0,0,0,0,0.0,0,0.0,0.0
P3,June 08,2025-05-18,2025-06-07,DVD,Devil Dawgs,T. Fitzgerald,666149,SS,0,2,0,0,3,11,57,0.193,0,0,0,0,0.0,0,0.0,0.0
P3,June 08,2025-05-18,2025-06-07,LDY,Los Doyers,M. Betts,605141,SS,0,8,2,4,0,19,61,0.311,0,0,0,0,0.0,0,0.0,0.0
P3,June 08,2025-05-18,2025-06-07,TSH,The Show,X. Bogaerts,593428,SS,0,5,0,1,4,13,62,0.21,0,0,0,0,0.0,0,0.0,0.0
P3,June 08,2025-05-18,2025-06-07,DMK,Diamond Kings,N. Arenado,571448,3B,0,7,3,14,0,15,63,0.238,0,0,0,0,0.0,0,0.0,0.0
P3,June 08,2025-05-18,2025-06-07,DLC,Demolition Lumber Co.,R. McMahon,641857,3B,0,3,1,7,0,13,64,0.203,0,0,0,0,0.0,0,0.0,0.0
P3,June 08,2025-05-18,2025-06-07,DDG,Dodger Dawgs,E. Suarez,660761,3B,0,0,0,0,0,0,0,0.0,0,0,0,0,0.0,0,0.0,0.0
P3,June 08,2025-05-18,2025-06-07,SKD,Skunk Dogs,A. Bohm,664761,3B,0,9,3,8,1,23,76,0.303,0,0,0,0,0.0,0,0.0,0.0
P3,June 08,2025-05-18,2025-06-07,RGS,RGing Sluggers,M. Chapman,656305,3B,0,8,4,6,1,19,64,0.297,0,0,0,0,0.0,0,0.0,0.0
P3,June 08,2025-05-18,2025-06-07,DVD,Devil Dawgs,A. Riley,663586,3B,0,13,3,8,0,18,69,0.261,0,0,0,0,0.0,0,0.0,0.0
P3,June 08,2025-05-18,2025-06-07,TSH,The Show,M. Machado,592518,3B,0,11,6,12,1,23,75,0.307,0,0,0,0,0.0,0,0.0,0.0
P3,June 08,2025-05-18,2025-06-07,DMK,Diamond Kings,F. Tatis Jr.,665487,OF,0,7,2,2,4,12,73,0.164,0,0,0,0,0.0,0,0.0,0.0
P3,June 08,2025-05-18,2025-06-07,DLC,Demolition Lumber Co.,C. Carroll,682998,OF,0,11,4,7,1,10,59,0.169,0,0,0,0,0.0,0,0.0,0.0
P3,June 08,2025-05-18,2025-06-07,DDG,Dodger Dawgs,J. Chourio,694192,OF,0,14,3,12,5,23,83,0.277,0,0,0,0,0.0,0,0.0,0.0
P3,June 08,2025-05-18,2025-06-07,RGS,RGing Sluggers,B. Donovan,680977,OF,0,9,1,5,0,20,64,0.312,0,0,0,0,0.0,0,0.0,0.0
P3,June 08,2025-05-18,2025-06-07,DVD,Devil Dawgs,J. Merrill,701538,OF,0,8,1,6,0,17,74,0.23,0,0,0,0,0.0,0,0.0,0.0
P3,June 08,2025-05-18,2025-06-07,LDY,Los Doyers,T. Hernandez,606192,OF,0,10,1,9,1,12,65,0.185,0,0,0,0,0.0,0,0.0,0.0
P3,June 08,2025-05-18,2025-06-07,TSH,The Show,M. Harris II,671739,OF,0,2,1,11,3,17,64,0.266,0,0,0,0,0.0,0,0.0,0.0
P3,June 08,2025-05-18,2025-06-07,DMK,Diamond Kings,D. Crews,686611,OF,0,2,2,4,0,3,5,0.6,0,0,0,0,0.0,0,0.0,0.0
P3,June 08,2025-05-18,2025-06-07,DLC,Demolition Lumber Co.,R. Acuna Jr.,660670,OF,0,9,4,7,0,17,53,0.321,0,0,0,0,0.0,0,0.0,0.0
P3,June 08,2025-05-18,2025-06-07,DDG,Dodger Dawgs,J. Wood,695578,OF,0,10,4,17,3,17,62,0.274,0,0,0,0,0.0,0,0.0,0.0
P3,June 08,2025-05-18,2025-06-07,SKD,Skunk Dogs,"N,. Castellanos",592206,OF,0,10,2,7,1,21,69,0.304,0,0,0,0,0.0,0,0.0,0.0
P3,June 08,2025-05-18,2025-06-07,RGS,RGing Sluggers,S. Steer,668715,OF,0,2,0,8,0,18,61,0.295,0,0,0,0,0.0,0,0.0,0.0
P3,June 08,2025-05-18,2025-06-07,DVD,Devil Dawgs,S. Suzuki,673548,OF,0,12,5,18,0,22,66,0.333,0,0,0,0,0.0,0,0.0,0.0
P3,June 08,2025-05-18,2025-06-07,LDY,Los Doyers,J. Soto,665742,OF,0,10,3,11,2,13,68,0.191,0,0,0,0,0.0,0,0.0,0.0
P3,June 08,2025-05-18,2025-06-07,TSH,The Show,P. Crow-Armstrong,691718,OF,0,16,5,16,7,19,73,0.26,0,0,0,0,0.0,0,0.0,0.0
P3,June 08,2025-05-18,2025-06-07,DMK,Diamond Kings,N. Jones,666134,OF,0,3,0,9,0,14,44,0.318,0,0,0,0,0.0,0,0.0,0.0
P3,June 08,2025-05-18,2025-06-07,DDG,Dodger Dawgs,B. Doyle,686668,OF,0,4,1,5,2,11,64,0.172,0,0,0,0,0.0,0,0.0,0.0
P3,June 08,2025-05-18,2025-06-07,SKD,Skunk Dogs,L. Nootbaar,663457,OF,0,10,1,4,0,15,66,0.227,0,0,0,0,0.0,0,0.0,0.0
P3,June 08,2025-05-18,2025-06-07,DVD,Devil Dawgs,B. Reynolds,668804,OF,0,5,2,14,0,21,66,0.318,0,0,0,0,0.0,0,0.0,0.0
P3,June 08,2025-05-18,2025-06-07,LDY,Los Doyers,J.H. Lee,808982,OF,0,5,0,3,3,17,66,0.258,0,0,0,0,0.0,0,0.0,0.0
P3,June 08,2025-05-18,2025-06-07,TSH,The Show,I. Happ,664023,OF,0,9,1,6,1,15,68,0.221,0,0,0,0,0.0,0,0.0,0.0
P3,June 08,2025-05-18,2025-06-07,DMK,Diamond Kings,S. Frelick,686217,OF,0,8,2,11,3,25,72,0.347,0,0,0,0,0.0,0,0.0,0.0
P3,June 08,2025-05-18,2025-06-07,DLC,Demolition Lumber Co.,T. Edman,669242,OF,0,9,1,5,1,13,62,0.21,0,0,0,0,0.0,0,0.0,0.0
P3,June 08,2025-05-18,2025-06-07,SKD,Skunk Dogs,L. Gurriel Jr.,666971,OF,0,5,2,8,2,19,63,0.302,0,0,0,0,0.0,0,0.0,0.0
P3,June 08,2025-05-18,2025-06-07,RGS,RGing Sluggers,B. Nimmo,607043,OF,0,9,2,7,2,14,58,0.241,0,0,0,0,0.0,0,0.0,0.0
P3,June 08,2025-05-18,2025-06-07,DVD,Devil Dawgs,H. Ramos,671218,OF,0,11,4,11,2,23,74,0.311,0,0,0,0,0.0,0,0.0,0.0
P3,June 08,2025-05-18,2025-06-07,TSH,The Show,J Profar,595777,OF,0,0,0,0,0,0,0,0.0,0,0,0,0,0.0,0,0.0,0.0
P3,June 08,2025-05-18,2025-06-07,DMK,Diamond Kings,J. Sanchez,660821,OF,0,12,4,15,2,22,65,0.338,0,0,0,0,0.0,0,0.0,0.0
P3,June 08,2025-05-18,2025-06-07,DLC,Demolition Lumber Co.,G. Mitchell,669003,OF,0,0,0,0,0,0,0,0.0,0,0,0,0,0.0,0,0.0,0.0
P3,June 08,2025-05-18,2025-06-07,SKD,Skunk Dogs,T. Friedl,670770,OF,0,14,2,6,1,25,68,0.368,0,0,0,0,0.0,0,0.0,0.0
P3,June 08,2025-05-18,2025-06-07,RGS,RGing Sluggers,J. McNeil,643446,OF,0,5,2,6,1,13,52,0.25,0,0,0,0,0.0,0,0.0,0.0
P3,June 08,2025-05-18,2025-06-07,LDY,Los Doyers,A. Burleson,676475,OF,0,5,2,4,0,16,49,0.327,0,0,0,0,0.0,0,0.0,0.0
P3,June 08,2025-05-18,2025-06-07,TSH,The Show,J. McCarthy,664983,OF,0,0,0,0,0,0,0,0.0,0,0,0,0,0.0,0,0.0,0.0
P3,June 08,2025-05-18,2025-06-07,DMK,Diamond Kings,I. Herrera,671056,C,0,6,1,10,1,15,64,0.234,0,0,0,0,0.0,0,0.0,0.0
P3,June 08,2025-05-18,2025-06-07,DLC,Demolition Lumber Co.,P. Bailey,672275,C,0,4,1,4,0,9,44,0.205,0,0,0,0,0.0,0,0.0,0.0
P3,June 08,2025-05-18,2025-06-07,DDG,Dodger Dawgs,K. Ruiz,660688,C,0,3,0,6,0,10,56,0.179,0,0,0,0,0.0,0,0.0,0.0
P3,June 08,2025-05-18,2025-06-07,SKD,Skunk Dogs,D. Baldwin,686948,C,0,5,2,4,0,10,42,0.238,0,0,0,0,0.0,0,0.0,0.0
P3,June 08,2025-05-18,2025-06-07,LDY,Los Doyers,W. Smith,669257,C,0,11,2,12,0,14,50,0.28,0,0,0,0,0.0,0,0.0,0.0
P3,June 08,2025-05-18,2025-06-07,DMK,Diamond Kings,T. Stephenson,663886,C,0,9,4,11,0,17,62,0.274,0,0,0,0,0.0,0,0.0,0.0
P3,June 08,2025-05-18,2025-06-07,DLC,Demolition Lumber Co.,D. Rushing,687221,C,0,1,1,5,0,3,24,0.125,0,0,0,0,0.0,0,0.0,0.0
P3,June 08,2025-05-18,2025-06-07,DDG,Dodger Dawgs,F. Alvarez,682626,C,0,1,0,1,0,9,45,0.2,0,0,0,0,0.0,0,0.0,0.0
P3,June 08,2025-05-18,2025-06-07,SKD,Skunk Dogs,H. Goodman,696100,C,0,6,3,7,1,17,71,0.239,0,0,0,0,0.0,0,0.0,0.0
P3,June 08,2025-05-18,2025-06-07,DVD,Devil Dawgs,G. Moreno,672515,C,0,7,3,7,0,14,45,0.311,0,0,0,0,0.0,0,0.0,0.0
P3,June 08,2025-05-18,2025-06-07,LDY,Los Doyers,S. Murphy,669221,C,0,1,1,3,0,5,29,0.172,0,0,0,0,0.0,0,0.0,0.0
P3,June 08,2025-05-18,2025-06-07,SKD,Skunk Dogs,K. Hayes,663647,CM,0,5,0,3,1,8,61,0.131,0,0,0,0,0.0,0,0.0,0.0
P3,June 08,2025-05-18,2025-06-07,RGS,RGing Sluggers,C. Norby,681393,CM,0,8,1,7,1,15,63,0.238,0,0,0,0,0.0,0,0.0,0.0
P3,June 08,2025-05-18,2025-06-07,DVD,Devil Dawgs,M. Vientos,668901,CM,0,3,1,3,0,6,33,0.182,0,0,0,0,0.0,0,0.0,0.0
P3,June 08,2025-05-18,2025-06-07,LDY,Los Doyers,M. Shaw,807713,CM,0,11,1,5,7,21,62,0.339,0,0,0,0,0.0,0,0.0,0.0
P3,June 08,2025-05-18,2025-06-07,TSH,The Show,B. Harper,547180,CM,0,6,2,8,1,12,45,0.267,0,0,0,0,0.0,0,0.0,0.0
P3,June 08,2025-05-18,2025-06-07,DMK,Diamond Kings,W. Adames,642715,MI,0,3,0,4,1,6,62,0.097,0,0,0,0,0.0,0,0.0,0.0
P3,June 08,2025-05-18,2025-06-07,DLC,Demolition Lumber Co.,L. Acuna,682668,MI,0,5,0,0,1,4,25,0.16,0,0,0,0,0.0,0,0.0,0.0
P3,June 08,2025-05-18,2025-06-07,DDG,Dodger Dawgs,CJ. Abrams,682928,MI,0,14,2,4,2,12,67,0.179,0,0,0,0,0.0,0,0.0,0.0
P3,June 08,2025-05-18,2025-06-07,SKD,Skunk Dogs,X. Edwards,669364,MI,0,4,0,3,0,9,19,0.474,0,0,0,0,0.0,0,0.0,0.0
P3,June 08,2025-05-18,2025-06-07,RGS,RGing Sluggers,E. Tovar,678662,MI,0,8,2,4,0,13,52,0.25,0,0,0,0,0.0,0,0.0,0.0
P3,June 08,2025-05-18,2025-06-07,DVD,Devil Dawgs,G. Perdomo,621121,MI,0,0,0,0,0,0,0,0.0,0,0,0,0,0.0,0,0.0,0.0
P3,June 08,2025-05-18,2025-06-07,LDY,Los Doyers,M. Winn,691026,MI,0,12,1,6,1,21,73,0.288,0,0,0,0,0.0,0,0.0,0.0
P3,June 08,2025-05-18,2025-06-07,TSH,The Show,B. Turang,668930,MI,0,11,1,9,3,16,74,0.216,0,0,0,0,0.0,0,0.0,0.0
P3,June 08,2025-05-18,2025-06-07,DLC,Demolition Lumber Co.,S. Ohtani,660271,DH,0,17,7,10,1,20,75,0.267,0,0,0,0,0.0,0,0.0,0.0
P3,June 08,2025-05-18,2025-06-07,DDG,Dodger Dawgs,C. Yelich,592885,DH,0,15,6,15,2,23,69,0.333,0,0,0,0,0.0,0,0.0,0.0
P3,June 08,2025-05-18,2025-06-07,SKD,Skunk Dogs,K. Marte,606466,DH,0,14,7,12,1,21,60,0.35,0,0,0,0,0.0,0,0.0,0.0
P3,June 08,2025-05-18,2025-06-07,DMK,Diamond Kings,T. Glasnow,607192,P,1,0,0,0,0,0,0,0.0,0,0,0,0,0.0,0,0.0,0.0
P3,June 08,2025-05-18,2025-06-07,DLC,Demolition Lumber Co.,P. Skenes,694973,P,1,0,0,0,0,0,0,0.0,1,0,32,3,28.67,18,0.94,0.63
P3,June 08,2025-05-18,2025-06-07,DDG,Dodger Dawgs,C. Burnes,669203,P,1,0,0,0,0,0,0,0.0,0,0,20,6,18.67,18,2.89,0.96
P3,June 08,2025-05-18,2025-06-07,SKD,Skunk Dogs,C. Sale,519242,P,1,0,0,0,0,0,0,0.0,1,0,24,2,19.0,17,0.95,0.89
P3,June 08,2025-05-18,2025-06-07,RGS,RGing Sluggers,Y. Yamamoto,808967,P,1,0,0,0,0,0,0,0.0,1,0,27,6,22.67,24,2.38,1.06
P3,June 08,2025-05-18,2025-06-07,DVD,Devil Dawgs,J. Steele,657006,P,1,0,0,0,0,0,0,0.0,0,0,0,0,0.0,0,0.0,0.0
P3,June 08,2025-05-18,2025-06-07,LDY,Los Doyers,S. Alcantara,645261,P,1,0,0,0,0,0,0,0.0,0,0,10,13,15.33,23,7.63,1.5
P3,June 08,2025-05-18,2025-06-07,TSH,The Show,B. Snell,605483,P,1,0,0,0,0,0,0,0.0,0,0,0,0,0.0,0,0.0,0.0
P3,June 08,2025-05-18,2025-06-07,DMK,Diamond Kings,R. Sasaki,808963,P,1,0,0,0,0,0,0,0.0,0,0,0,0,0.0,0,0.0,0.0
P3,June 08,2025-05-18,2025-06-07,DLC,Demolition Lumber Co.,Z. Wheeler,554430,P,1,0,0,0,0,0,0,0.0,1,0,14,6,12.0,13,4.5,1.08
P3,June 08,2025-05-18,2025-06-07,DDG,Dodger Dawgs,S. Strider,675911,P,1,0,0,0,0,0,0,0.0,0,0,14,10,14.0,20,6.43,1.43
P3,June 08,2025-05-18,2025-06-07,SKD,Skunk Dogs,S. Ohtani,660271,P,1,17,7,10,1,20,75,0.267,0,0,0,0,0.0,0,0.0,0.0
P3,June 08,2025-05-18,2025-06-07,RGS,RGing Sluggers,L. Webb,657277,P,1,0,0,0,0,0,0,0.0,0,0,32,8,24.0,30,3.0,1.25
P3,June 08,2025-05-18,2025-06-07,DVD,Devil Dawgs,H. Greene,668881,P,1,0,0,0,0,0,0,0.0,0,0,12,6,14.0,21,3.86,1.5
P3,June 08,2025-05-18,2025-06-07,LDY,Los Doyers,K. Senga,673540,P,1,0,0,0,0,0,0,0.0,2,0,23,7,23.67,28,2.66,1.18
P3,June 08,2025-05-18,2025-06-07,DMK,Diamond Kings,Y. Darvish,506433,P,1,0,0,0,0,0,0,0.0,0,0,0,0,0.0,0,0.0,0.0
P3,June 08,2025-05-18,2025-06-07,DDG,Dodger Dawgs,S. Schwellenbach,680885,P,1,0,0,0,0,0,0,0.0,2,0,29,9,26.33,27,3.08,1.03
P3,June 08,2025-05-18,2025-06-07,SKD,Skunk Dogs,A. Nola,605400,P,1,0,0,0,0,0,0,0.0,0,0,0,0,0.0,0,0.0,0.0
P3,June 08,2025-05-18,2025-06-07,RGS,RGing Sluggers,S. Imanaga,684007,P,1,0,0,0,0,0,0,0.0,0,0,0,0,0.0,0,0.0,0.0
P3,June 08,2025-05-18,2025-06-07,DVD,Devil Dawgs,M. Kelly,547184,P,1,0,0,0,0,0,0,0.0,0,0,2,0,1.67,2,0.0,1.2
P3,June 08,2025-05-18,2025-06-07,LDY,Los Doyers,R. Ray,592662,P,1,0,0,0,0,0,0,0.0,2,0,32,4,27.0,20,1.33,0.74
P3,June 08,2025-05-18,2025-06-07,TSH,The Show,N. Lodolo,666157,P,1,0,0,0,0,0,0,0.0,1,0,22,7,23.0,25,2.74,1.09
P3,June 08,2025-05-18,2025-06-07,DMK,Diamond Kings,M. Keller,656605,P,1,0,0,0,0,0,0,0.0,0,0,18,11,24.33,28,4.07,1.15
P3,June 08,2025-05-18,2025-06-07,DLC,Demolition Lumber Co.,I. Anderson,681982,P,1,0,0,0,0,0,0,0.0,0,0,8,2,7.0,6,2.57,0.86
P3,June 08,2025-05-18,2025-06-07,DDG,Dodger Dawgs,F. Peralta,642547,P,1,0,0,0,0,0,0,0.0,1,0,23,8,20.33,32,3.54,1.57
P3,June 08,2025-05-18,2025-06-07,SKD,Skunk Dogs,B. Pfaadt,694297,P,1,0,0,0,0,0,0,0.0,1,0,7,20,14.67,24,12.27,1.64
P3,June 08,2025-05-18,2025-06-07,RGS,RGing Sluggers,A. Abbott,671096,P,1,0,0,0,0,0,0,0.0,3,0,21,6,23.67,25,2.28,1.06
P3,June 08,2025-05-18,2025-06-07,DVD,Devil Dawgs,S. Gray,543243,P,1,0,0,0,0,0,0,0.0,3,0,30,3,25.33,26,1.07,1.03
P3,June 08,2025-05-18,2025-06-07,LDY,Los Doyers,N. Pivetta,601713,P,1,0,0,0,0,0,0,0.0,1,0,20,8,18.0,20,4.0,1.11
P3,June 08,2025-05-18,2025-06-07,DMK,Diamond Kings,Ra. Suarez,660761,P,1,0,0,0,0,0,0,0.0,0,0,0,0,0.0,0,0.0,0.0
P3,June 08,2025-05-18,2025-06-07,SKD,Skunk Dogs,C. Sanchez,650911,P,1,0,0,0,0,0,0,0.0,1,0,22,9,22.33,33,3.63,1.48
P3,June 08,2025-05-18,2025-06-07,RGS,RGing Sluggers,B. Singer,663903,P,1,0,0,0,0,0,0,0.0,1,0,10,7,17.0,24,3.71,1.41
P3,June 08,2025-05-18,2025-06-07,DVD,Devil Dawgs,D. Peterson,656849,P,1,0,0,0,0,0,0,0.0,2,0,22,7,26.33,29,2.39,1.1
P3,June 08,2025-05-18,2025-06-07,TSH,The Show,J. Taillon,592791,P,1,0,0,0,0,0,0,0.0,4,0,16,5,26.67,20,1.69,0.75
P3,June 08,2025-05-18,2025-06-07,DLC,Demolition Lumber Co.,T. Myers,668964,P,1,0,0,0,0,0,0,0.0,0,0,0,0,0.0,0,0.0,0.0
P3,June 08,2025-05-18,2025-06-07,DDG,Dodger Dawgs,M. Gore,669022,P,1,0,0,0,0,0,0,0.0,1,0,24,1,19.0,13,0.47,0.68
P3,June 08,2025-05-18,2025-06-07,SKD,Skunk Dogs,J. Luzardo,666200,P,1,0,0,0,0,0,0,0.0,1,0,26,24,18.67,41,11.57,2.2
P3,June 08,2025-05-18,2025-06-07,DVD,Devil Dawgs,R. Lopez,625643,P,1,0,0,0,0,0,0,0.0,0,0,0,0,0.0,0,0.0,0.0
P3,June 08,2025-05-18,2025-06-07,TSH,The Show,C. Holmes,605280,P,1,0,0,0,0,0,0,0.0,2,0,17,7,24.67,26,2.55,1.05
P3,June 08,2025-05-18,2025-06-07,DLC,Demolition Lumber Co.,A.J. Puk,640462,P,1,0,0,0,0,0,0,0.0,0,0,0,0,0.0,0,0.0,0.0
P3,June 08,2025-05-18,2025-06-07,DDG,Dodger Dawgs,C. Doval,666808,P,1,0,0,0,0,0,0,0.0,0,3,9,2,7.33,11,2.45,1.5
P3,June 08,2025-05-18,2025-06-07,SKD,Skunk Dogs,D. Bednar,670280,P,1,0,0,0,0,0,0,0.0,1,5,12,3,9.0,9,3.0,1.0
P3,June 08,2025-05-18,2025-06-07,DVD,Devil Dawgs,G. Holmes,656550,P,1,0,0,0,0,0,0,0.0,1,0,19,7,16.0,20,3.94,1.25
P3,June 08,2025-05-18,2025-06-07,TSH,The Show,N. Cortes,666126,P,1,0,0,0,0,0,0,0.0,0,0,0,0,0.0,0,0.0,0.0
P3,June 08,2025-05-18,2025-06-07,DDG,Dodger Dawgs,Ro. Suarez,660761,P,1,0,0,0,0,0,0,0.0,0,0,0,0,0.0,0,0.0,0.0
P3,June 08,2025-05-18,2025-06-07,RGS,RGing Sluggers,K. Harrison,690986,P,1,0,0,0,0,0,0,0.0,1,0,14,8,14.67,20,4.91,1.36
P3,June 08,2025-05-18,2025-06-07,DVD,Devil Dawgs,J. Martinez,679885,P,1,0,0,0,0,0,0,0.0,0,2,9,3,4.67,7,5.79,1.5
P3,June 08,2025-05-18,2025-06-07,DMK,Diamond Kings,T. Scott,656945,P,1,0,0,0,0,0,0,0.0,1,2,12,10,8.0,17,11.25,2.12
P3,June 08,2025-05-18,2025-06-07,DDG,Dodger Dawgs,R. Helsley,664854,P,1,0,0,0,0,0,0,0.0,2,4,10,4,7.0,12,5.14,1.71
P3,June 08,2025-05-18,2025-06-07,RGS,RGing Sluggers,C. Faucher,676534,P,1,0,0,0,0,0,0,0.0,0,2,6,7,7.0,10,9.0,1.43
P3,June 08,2025-05-18,2025-06-07,DVD,Devil Dawgs,R. Walker,676254,P,1,0,0,0,0,0,0,0.0,0,3,6,3,7.67,8,3.52,1.04
P3,June 08,2025-05-18,2025-06-07,LDY,Los Doyers,T. Kinley,663855,P,1,0,0,0,0,0,0,0.0,0,0,2,2,3.33,6,5.4,1.8
P3,June 08,2025-05-18,2025-06-07,TSH,The Show,R. Iglesias,628452,P,1,0,0,0,0,0,0,0.0,0,0,5,6,5.67,11,9.53,1.94
P4,July 6,2025-06-08,2025-07-05,DMK,Diamond Kings,J. Naylor,647304,1B,0,12,3,17,1,24,69,0.348,0,0,0,0,0.0,0,0.0,0.0
P4,July 6,2025-06-08,2025-07-05,DLC,Demolition Lumber Co.,M. Busch,683737,1B,0,15,8,18,1,28,84,0.333,0,0,0,0,0.0,0,0.0,0.0
P4,July 6,2025-06-08,2025-07-05,DDG,Dodger Dawgs,C. Encarnacion-Strand,687952,1B,0,7,2,9,0,12,59,0.203,0,0,0,0,0.0,0,0.0,0.0
P4,July 6,2025-06-08,2025-07-05,SKD,Skunk Dogs,M. Olson,621566,1B,0,12,4,24,0,34,96,0.354,0,0,0,0,0.0,0,0.0,0.0
P4,July 6,2025-06-08,2025-07-05,RGS,RGing Sluggers,F. Freeman,518692,1B,0,11,1,7,1,19,91,0.209,0,0,0,0,0.0,0,0.0,0.0
P4,July 6,2025-06-08,2025-07-05,DMK,Diamond Kings,J. Cronenworth,630105,2B,0,9,4,12,1,19,81,0.235,0,0,0,0,0.0,0,0.0,0.0
P4,July 6,2025-06-08,2025-07-05,DLC,Demolition Lumber Co.,O. Lopez,672640,2B,0,16,4,22,3,28,97,0.289,0,0,0,0,0.0,0,0.0,0.0
P4,July 6,2025-06-08,2025-07-05,DDG,Dodger Dawgs,N. Hoerner,663538,2B,0,11,3,8,3,23,87,0.264,0,0,0,0,0.0,0,0.0,0.0
P4,July 6,2025-06-08,2025-07-05,SKD,Skunk Dogs,M. McLain,680574,2B,0,15,3,11,1,24,89,0.27,0,0,0,0,0.0,0,0.0,0.0
P4,July 6,2025-06-08,2025-07-05,RGS,RGing Sluggers,L. Garcia,671277,2B,0,12,2,14,1,23,85,0.271,0,0,0,0,0.0,0,0.0,0.0
P4,July 6,2025-06-08,2025-07-05,DVD,Devil Dawgs,O. Albies,645277,2B,0,6,0,4,1,19,96,0.198,0,0,0,0,0.0,0,0.0,0.0
P4,July 6,2025-06-08,2025-07-05,LDY,Los Doyers,B. Stott,681082,2B,0,6,1,9,2,16,74,0.216,0,0,0,0,0.0,0,0.0,0.0
P4,July 6,2025-06-08,2025-07-05,DMK,Diamond Kings,E. De La Cruz,682829,SS,0,19,6,17,3,33,98,0.337,0,0,0,0,0.0,0,0.0,0.0
P4,July 6,2025-06-08,2025-07-05,DLC,Demolition Lumber Co.,D. Swanson,621020,SS,0,12,4,8,0,28,94,0.298,0,0,0,0,0.0,0,0.0,0.0
P4,July 6,2025-06-08,2025-07-05,DDG,Dodger Dawgs,F. Lindor,596019,SS,0,15,3,9,1,19,99,0.192,0,0,0,0,0.0,0,0.0,0.0
P4,July 6,2025-06-08,2025-07-05,SKD,Skunk Dogs,T. Turner,607208,SS,0,17,4,9,5,31,103,0.301,0,0,0,0,0.0,0,0.0,0.0
P4,July 6,2025-06-08,2025-07-05,RGS,RGing Sluggers,O. Cruz,665833,SS,0,12,3,7,6,13,87,0.149,0,0,0,0,0.0,0,0.0,0.0
P4,July 6,2025-06-08,2025-07-05,DVD,Devil Dawgs,T. Fitzgerald,666149,SS,0,0,0,5,1,7,49,0.143,0,0,0,0,0.0,0,0.0,0.0
P4,July 6,2025-06-08,2025-07-05,LDY,Los Doyers,M. Betts,605141,SS,0,9,3,12,1,18,96,0.188,0,0,0,0,0.0,0,0.0,0.0
P4,July 6,2025-06-08,2025-07-05,TSH,The Show,X. Bogaerts,593428,SS,0,11,2,9,1,26,94,0.277,0,0,0,0,0.0,0,0.0,0.0
P4,July 6,2025-06-08,2025-07-05,DMK,Diamond Kings,N. Arenado,571448,3B,0,10,3,9,0,22,83,0.265,0,0,0,0,0.0,0,0.0,0.0
P4,July 6,2025-06-08,2025-07-05,DLC,Demolition Lumber Co.,R. McMahon,641857,3B,0,11,5,7,1,19,86,0.221,0,0,0,0,0.0,0,0.0,0.0
P4,July 6,2025-06-08,2025-07-05,DDG,Dodger Dawgs,E. Suarez,660761,3B,0,0,0,0,0,0,0,0.0,0,0,0,0,0.0,0,0.0,0.0
P4,July 6,2025-06-08,2025-07-05,SKD,Skunk Dogs,A. Bohm,664761,3B,0,9,3,19,0,28,92,0.304,0,0,0,0,0.0,0,0.0,0.0
P4,July 6,2025-06-08,2025-07-05,RGS,RGing Sluggers,M. Chapman,656305,3B,0,4,0,0,1,2,5,0.4,0,0,0,0,0.0,0,0.0,0.0
P4,July 6,2025-06-08,2025-07-05,DVD,Devil Dawgs,A. Riley,663586,3B,0,13,2,10,0,28,102,0.275,0,0,0,0,0.0,0,0.0,0.0
P4,July 6,2025-06-08,2025-07-05,TSH,The Show,M. Machado,592518,3B,0,10,5,20,0,23,100,0.23,0,0,0,0,0.0,0,0.0,0.0
P4,July 6,2025-06-08,2025-07-05,DMK,Diamond Kings,F. Tatis Jr.,665487,OF,0,18,2,10,6,22,90,0.244,0,0,0,0,0.0,0,0.0,0.0
P4,July 6,2025-06-08,2025-07-05,DLC,Demolition Lumber Co.,C. Carroll,682998,OF,0,8,2,5,0,8,39,0.205,0,0,0,0,0.0,0,0.0,0.0
P4,July 6,2025-06-08,2025-07-05,DDG,Dodger Dawgs,J. Chourio,694192,OF,0,19,4,15,3,26,97,0.268,0,0,0,0,0.0,0,0.0,0.0
P4,July 6,2025-06-08,2025-07-05,RGS,RGing Sluggers,B. Donovan,680977,OF,0,13,3,6,0,20,83,0.241,0,0,0,0,0.0,0,0.0,0.0
P4,July 6,2025-06-08,2025-07-05,DVD,Devil Dawgs,J. Merrill,701538,OF,0,7,0,6,0,15,66,0.227,0,0,0,0,0.0,0,0.0,0.0
P4,July 6,2025-06-08,2025-07-05,LDY,Los Doyers,T. Hernandez,606192,OF,0,10,4,11,0,19,85,0.224,0,0,0,0,0.0,0,0.0,0.0
P4,July 6,2025-06-08,2025-07-05,TSH,The Show,M. Harris II,671739,OF,0,5,2,7,2,12,85,0.141,0,0,0,0,0.0,0,0.0,0.0
P4,July 6,2025-06-08,2025-07-05,DMK,Diamond Kings,D. Crews,686611,OF,0,0,0,0,0,0,0,0.0,0,0,0,0,0.0,0,0.0,0.0
P4,July 6,2025-06-08,2025-07-05,DLC,Demolition Lumber Co.,R. Acuna Jr.,660670,OF,0,25,5,11,4,29,85,0.341,0,0,0,0,0.0,0,0.0,0.0
P4,July 6,2025-06-08,2025-07-05,DDG,Dodger Dawgs,J. Wood,695578,OF,0,20,7,22,3,30,92,0.326,0,0,0,0,0.0,0,0.0,0.0
P4,July 6,2025-06-08,2025-07-05,SKD,Skunk Dogs,"N,. Castellanos",592206,OF,0,11,5,17,0,23,93,0.247,0,0,0,0,0.0,0,0.0,0.0
P4,July 6,2025-06-08,2025-07-05,RGS,RGing Sluggers,S. Steer,668715,OF,0,13,6,17,3,27,83,0.325,0,0,0,0,0.0,0,0.0,0.0
P4,July 6,2025-06-08,2025-07-05,DVD,Devil Dawgs,S. Suzuki,673548,OF,0,11,8,20,1,25,103,0.243,0,0,0,0,0.0,0,0.0,0.0
P4,July 6,2025-06-08,2025-07-05,LDY,Los Doyers,J. Soto,665742,OF,0,22,10,20,3,30,84,0.357,0,0,0,0,0.0,0,0.0,0.0
P4,July 6,2025-06-08,2025-07-05,TSH,The Show,P. Crow-Armstrong,691718,OF,0,14,6,12,5,23,92,0.25,0,0,0,0,0.0,0,0.0,0.0
P4,July 6,2025-06-08,2025-07-05,DMK,Diamond Kings,N. Jones,666134,OF,0,5,1,6,2,13,57,0.228,0,0,0,0,0.0,0,0.0,0.0
P4,July 6,2025-06-08,2025-07-05,DDG,Dodger Dawgs,B. Doyle,686668,OF,0,15,2,7,2,18,81,0.222,0,0,0,0,0.0,0,0.0,0.0
P4,July 6,2025-06-08,2025-07-05,SKD,Skunk Dogs,L. Nootbaar,663457,OF,0,7,3,8,0,11,70,0.157,0,0,0,0,0.0,0,0.0,0.0
P4,July 6,2025-06-08,2025-07-05,DVD,Devil Dawgs,B. Reynolds,668804,OF,0,10,2,9,0,19,84,0.226,0,0,0,0,0.0,0,0.0,0.0
P4,July 6,2025-06-08,2025-07-05,LDY,Los Doyers,J.H. Lee,808982,OF,0,14,0,4,0,12,82,0.146,0,0,0,0,0.0,0,0.0,0.0
P4,July 6,2025-06-08,2025-07-05,TSH,The Show,I. Happ,664023,OF,0,15,8,19,1,17,96,0.177,0,0,0,0,0.0,0,0.0,0.0
P4,July 6,2025-06-08,2025-07-05,DMK,Diamond Kings,S. Frelick,686217,OF,0,14,2,15,4,29,101,0.287,0,0,0,0,0.0,0,0.0,0.0
P4,July 6,2025-06-08,2025-07-05,DLC,Demolition Lumber Co.,T. Edman,669242,OF,0,11,1,9,0,18,74,0.243,0,0,0,0,0.0,0,0.0,0.0
P4,July 6,2025-06-08,2025-07-05,SKD,Skunk Dogs,L. Gurriel Jr.,666971,OF,0,9,3,11,4,25,95,0.263,0,0,0,0,0.0,0,0.0,0.0
P4,July 6,2025-06-08,2025-07-05,RGS,RGing Sluggers,B. Nimmo,607043,OF,0,13,8,18,6,31,99,0.313,0,0,0,0,0.0,0,0.0,0.0
P4,July 6,2025-06-08,2025-07-05,DVD,Devil Dawgs,H. Ramos,671218,OF,0,7,3,14,0,20,92,0.217,0,0,0,0,0.0,0,0.0,0.0
P4,July 6,2025-06-08,2025-07-05,TSH,The Show,J Profar,595777,OF,0,4,2,3,0,4,17,0.235,0,0,0,0,0.0,0,0.0,0.0
P4,July 6,2025-06-08,2025-07-05,DMK,Diamond Kings,J. Sanchez,660821,OF,0,12,2,6,3,20,84,0.238,0,0,0,0,0.0,0,0.0,0.0
P4,July 6,2025-06-08,2025-07-05,DLC,Demolition Lumber Co.,G. Mitchell,669003,OF,0,0,0,0,0,0,0,0.0,0,0,0,0,0.0,0,0.0,0.0
P4,July 6,2025-06-08,2025-07-05,SKD,Skunk Dogs,T. Friedl,670770,OF,0,12,3,8,0,23,92,0.25,0,0,0,0,0.0,0,0.0,0.0
P4,July 6,2025-06-08,2025-07-05,RGS,RGing Sluggers,J. McNeil,643446,OF,0,10,5,15,0,21,77,0.273,0,0,0,0,0.0,0,0.0,0.0
P4,July 6,2025-06-08,2025-07-05,LDY,Los Doyers,A. Burleson,676475,OF,0,12,6,19,0,30,99,0.303,0,0,0,0,0.0,0,0.0,0.0
P4,July 6,2025-06-08,2025-07-05,TSH,The Show,J. McCarthy,664983,OF,0,4,2,6,1,8,30,0.267,0,0,0,0,0.0,0,0.0,0.0
P4,July 6,2025-06-08,2025-07-05,DMK,Diamond Kings,I. Herrera,671056,C,0,4,2,8,0,14,40,0.35,0,0,0,0,0.0,0,0.0,0.0
P4,July 6,2025-06-08,2025-07-05,DLC,Demolition Lumber Co.,P. Bailey,672275,C,0,4,0,7,0,9,41,0.22,0,0,0,0,0.0,0,0.0,0.0
P4,July 6,2025-06-08,2025-07-05,DDG,Dodger Dawgs,K. Ruiz,660688,C,0,1,0,3,0,10,47,0.213,0,0,0,0,0.0,0,0.0,0.0
P4,July 6,2025-06-08,2025-07-05,SKD,Skunk Dogs,D. Baldwin,686948,C,0,6,3,10,0,10,51,0.196,0,0,0,0,0.0,0,0.0,0.0
P4,July 6,2025-06-08,2025-07-05,LDY,Los Doyers,W. Smith,669257,C,0,18,7,12,0,24,66,0.364,0,0,0,0,0.0,0,0.0,0.0
P4,July 6,2025-06-08,2025-07-05,DMK,Diamond Kings,T. Stephenson,663886,C,0,10,1,9,0,16,69,0.232,0,0,0,0,0.0,0,0.0,0.0
P4,July 6,2025-06-08,2025-07-05,DLC,Demolition Lumber Co.,D. Rushing,687221,C,0,4,0,2,0,5,25,0.2,0,0,0,0,0.0,0,0.0,0.0
P4,July 6,2025-06-08,2025-07-05,DDG,Dodger Dawgs,F. Alvarez,682626,C,0,5,2,3,0,6,26,0.231,0,0,0,0,0.0,0,0.0,0.0
P4,July 6,2025-06-08,2025-07-05,SKD,Skunk Dogs,H. Goodman,696100,C,0,14,6,14,0,21,75,0.28,0,0,0,0,0.0,0,0.0,0.0
P4,July 6,2025-06-08,2025-07-05,DVD,Devil Dawgs,G. Moreno,672515,C,0,2,1,3,0,2,12,0.167,0,0,0,0,0.0,0,0.0,0.0
P4,July 6,2025-06-08,2025-07-05,LDY,Los Doyers,S. Murphy,669221,C,0,4,3,9,0,11,46,0.239,0,0,0,0,0.0,0,0.0,0.0
P4,July 6,2025-06-08,2025-07-05,SKD,Skunk Dogs,K. Hayes,663647,CM,0,14,1,11,4,25,81,0.309,0,0,0,0,0.0,0,0.0,0.0
P4,July 6,2025-06-08,2025-07-05,RGS,RGing Sluggers,C. Norby,681393,CM,0,8,2,8,2,17,79,0.215,0,0,0,0,0.0,0,0.0,0.0
P4,July 6,2025-06-08,2025-07-05,DVD,Devil Dawgs,M. Vientos,668901,CM,0,0,0,0,0,2,23,0.087,0,0,0,0,0.0,0,0.0,0.0
P4,July 6,2025-06-08,2025-07-05,LDY,Los Doyers,M. Shaw,807713,CM,0,4,0,6,4,10,75,0.133,0,0,0,0,0.0,0,0.0,0.0
P4,July 6,2025-06-08,2025-07-05,TSH,The Show,B. Harper,547180,CM,0,1,0,0,0,3,14,0.214,0,0,0,0,0.0,0,0.0,0.0
P4,July 6,2025-06-08,2025-07-05,DMK,Diamond Kings,W. Adames,642715,MI,0,18,5,16,1,27,85,0.318,0,0,0,0,0.0,0,0.0,0.0
P4,July 6,2025-06-08,2025-07-05,DLC,Demolition Lumber Co.,L. Acuna,682668,MI,0,1,0,0,0,2,10,0.2,0,0,0,0,0.0,0,0.0,0.0
P4,July 6,2025-06-08,2025-07-05,DDG,Dodger Dawgs,CJ. Abrams,682928,MI,0,24,4,11,8,34,101,0.337,0,0,0,0,0.0,0,0.0,0.0
P4,July 6,2025-06-08,2025-07-05,SKD,Skunk Dogs,X. Edwards,669364,MI,0,13,0,5,4,28,95,0.295,0,0,0,0,0.0,0,0.0,0.0
P4,July 6,2025-06-08,2025-07-05,RGS,RGing Sluggers,E. Tovar,678662,MI,0,0,0,0,0,0,0,0.0,0,0,0,0,0.0,0,0.0,0.0
P4,July 6,2025-06-08,2025-07-05,DVD,Devil Dawgs,G. Perdomo,621121,MI,0,0,0,0,0,0,0,0.0,0,0,0,0,0.0,0,0.0,0.0
P4,July 6,2025-06-08,2025-07-05,LDY,Los Doyers,M. Winn,691026,MI,0,15,1,9,1,22,102,0.216,0,0,0,0,0.0,0,0.0,0.0
P4,July 6,2025-06-08,2025-07-05,TSH,The Show,B. Turang,668930,MI,0,12,1,11,2,27,89,0.303,0,0,0,0,0.0,0,0.0,0.0
P4,July 6,2025-06-08,2025-07-05,DLC,Demolition Lumber Co.,S. Ohtani,660271,DH,0,20,7,17,1,23,93,0.247,0,0,0,0,0.0,0,0.0,0.0
P4,July 6,2025-06-08,2025-07-05,DDG,Dodger Dawgs,C. Yelich,592885,DH,0,10,4,20,2,28,87,0.322,0,0,0,0,0.0,0,0.0,0.0
P4,July 6,2025-06-08,2025-07-05,SKD,Skunk Dogs,K. Marte,606466,DH,0,20,7,19,0,28,94,0.298,0,0,0,0,0.0,0,0.0,0.0
P4,July 6,2025-06-08,2025-07-05,DMK,Diamond Kings,T. Glasnow,607192,P,1,0,0,0,0,0,0,0.0,0,0,0,0,0.0,0,0.0,0.0
P4,July 6,2025-06-08,2025-07-05,DLC,Demolition Lumber Co.,P. Skenes,694973,P,1,0,0,0,0,0,0,0.0,0,0,30,6,27.67,29,1.95,1.05
P4,July 6,2025-06-08,2025-07-05,DDG,Dodger Dawgs,C. Burnes,669203,P,1,0,0,0,0,0,0,0.0,0,0,0,0,0.0,0,0.0,0.0
P4,July 6,2025-06-08,2025-07-05,SKD,Skunk Dogs,C. Sale,519242,P,1,0,0,0,0,0,0,0.0,2,0,18,1,15.67,13,0.57,0.83
P4,July 6,2025-06-08,2025-07-05,RGS,RGing Sluggers,Y. Yamamoto,808967,P,1,0,0,0,0,0,0,0.0,2,0,23,9,23.0,24,3.52,1.04
P4,July 6,2025-06-08,2025-07-05,DVD,Devil Dawgs,J. Steele,657006,P,1,0,0,0,0,0,0,0.0,0,0,0,0,0.0,0,0.0,0.0
P4,July 6,2025-06-08,2025-07-05,LDY,Los Doyers,S. Alcantara,645261,P,1,0,0,0,0,0,0,0.0,2,0,23,17,29.0,34,5.28,1.17
P4,July 6,2025-06-08,2025-07-05,TSH,The Show,B. Snell,605483,P,1,0,0,0,0,0,0,0.0,0,0,0,0,0.0,0,0.0,0.0
P4,July 6,2025-06-08,2025-07-05,DMK,Diamond Kings,R. Sasaki,808963,P,1,0,0,0,0,0,0,0.0,0,0,0,0,0.0,0,0.0,0.0
P4,July 6,2025-06-08,2025-07-05,DLC,Demolition Lumber Co.,Z. Wheeler,554430,P,1,0,0,0,0,0,0,0.0,2,0,42,2,31.0,27,0.58,0.87
P4,July 6,2025-06-08,2025-07-05,DDG,Dodger Dawgs,S. Strider,675911,P,1,0,0,0,0,0,0,0.0,3,0,44,12,36.0,38,3.0,1.06
P4,July 6,2025-06-08,2025-07-05,SKD,Skunk Dogs,S. Ohtani,660271,P,1,20,7,17,1,23,93,0.247,0,0,6,1,6.0,5,1.5,0.83
P4,July 6,2025-06-08,2025-07-05,RGS,RGing Sluggers,L. Webb,657277,P,1,0,0,0,0,0,0,0.0,3,0,32,10,33.0,39,2.73,1.18
P4,July 6,2025-06-08,2025-07-05,DVD,Devil Dawgs,H. Greene,668881,P,1,0,0,0,0,0,0,0.0,0,0,0,0,0.0,0,0.0,0.0
P4,July 6,2025-06-08,2025-07-05,LDY,Los Doyers,K. Senga,673540,P,1,0,0,0,0,0,0,0.0,1,0,5,0,5.67,2,0.0,0.35
P4,July 6,2025-06-08,2025-07-05,DMK,Diamond Kings,Y. Darvish,506433,P,1,0,0,0,0,0,0,0.0,0,0,0,0,0.0,0,0.0,0.0
P4,July 6,2025-06-08,2025-07-05,DDG,Dodger Dawgs,S. Schwellenbach,680885,P,1,0,0,0,0,0,0,0.0,3,0,33,9,30.0,22,2.7,0.73
P4,July 6,2025-06-08,2025-07-05,SKD,Skunk Dogs,A. Nola,605400,P,1,0,0,0,0,0,0,0.0,0,0,0,0,0.0,0,0.0,0.0
P4,July 6,2025-06-08,2025-07-05,RGS,RGing Sluggers,S. Imanaga,684007,P,1,0,0,0,0,0,0,0.0,2,0,7,3,10.33,6,2.61,0.58
P4,July 6,2025-06-08,2025-07-05,DVD,Devil Dawgs,M. Kelly,547184,P,1,0,0,0,0,0,0,0.0,2,0,5,0,9.33,11,0.0,1.18
P4,July 6,2025-06-08,2025-07-05,LDY,Los Doyers,R. Ray,592662,P,1,0,0,0,0,0,0,0.0,1,0,30,11,30.0,34,3.3,1.13
P4,July 6,2025-06-08,2025-07-05,TSH,The Show,N. Lodolo,666157,P,1,0,0,0,0,0,0,0.0,1,0,29,13,25.0,33,4.68,1.32
P4,July 6,2025-06-08,2025-07-05,DMK,Diamond Kings,M. Keller,656605,P,1,0,0,0,0,0,0,0.0,2,0,23,8,30.0,30,2.4,1.0
P4,July 6,2025-06-08,2025-07-05,DLC,Demolition Lumber Co.,I. Anderson,681982,P,1,0,0,0,0,0,0,0.0,0,0,15,3,12.33,11,2.19,0.89
P4,July 6,2025-06-08,2025-07-05,DDG,Dodger Dawgs,F. Peralta,642547,P,1,0,0,0,0,0,0,0.0,4,0,29,9,28.0,22,2.89,0.79
P4,July 6,2025-06-08,2025-07-05,SKD,Skunk Dogs,B. Pfaadt,694297,P,1,0,0,0,0,0,0,0.0,1,0,29,14,26.0,36,4.85,1.38
P4,July 6,2025-06-08,2025-07-05,RGS,RGing Sluggers,A. Abbott,671096,P,1,0,0,0,0,0,0,0.0,2,0,19,7,30.0,34,2.1,1.13
P4,July 6,2025-06-08,2025-07-05,DVD,Devil Dawgs,S. Gray,543243,P,1,0,0,0,0,0,0,0.0,1,0,26,11,24.67,23,4.01,0.93
P4,July 6,2025-06-08,2025-07-05,LDY,Los Doyers,N. Pivetta,601713,P,1,0,0,0,0,0,0,0.0,3,0,31,11,28.67,31,3.45,1.08
P4,July 6,2025-06-08,2025-07-05,DMK,Diamond Kings,Ra. Suarez,660761,P,1,0,0,0,0,0,0,0.0,0,0,0,0,0.0,0,0.0,0.0
P4,July 6,2025-06-08,2025-07-05,SKD,Skunk Dogs,C. Sanchez,650911,P,1,0,0,0,0,0,0,0.0,2,0,34,7,35.0,28,1.8,0.8
P4,July 6,2025-06-08,2025-07-05,RGS,RGing Sluggers,B. Singer,663903,P,1,0,0,0,0,0,0,0.0,1,0,27,10,25.0,34,3.6,1.36
P4,July 6,2025-06-08,2025-07-05,DVD,Devil Dawgs,D. Peterson,656849,P,1,0,0,0,0,0,0,0.0,2,0,22,14,31.33,41,4.02,1.31
P4,July 6,2025-06-08,2025-07-05,TSH,The Show,J. Taillon,592791,P,1,0,0,0,0,0,0,0.0,1,0,16,17,19.0,31,8.05,1.63
P4,July 6,2025-06-08,2025-07-05,DLC,Demolition Lumber Co.,T. Myers,668964,P,1,0,0,0,0,0,0,0.0,0,0,0,0,0.0,0,0.0,0.0
P4,July 6,2025-06-08,2025-07-05,DDG,Dodger Dawgs,M. Gore,669022,P,1,0,0,0,0,0,0,0.0,0,0,23,12,29.0,40,3.72,1.38
P4,July 6,2025-06-08,2025-07-05,SKD,Skunk Dogs,J. Luzardo,666200,P,1,0,0,0,0,0,0,0.0,2,0,32,12,24.67,38,4.38,1.54
P4,July 6,2025-06-08,2025-07-05,DVD,Devil Dawgs,R. Lopez,625643,P,1,0,0,0,0,0,0,0.0,0,0,0,0,0.0,0,0.0,0.0
P4,July 6,2025-06-08,2025-07-05,TSH,The Show,C. Holmes,605280,P,1,0,0,0,0,0,0,0.0,1,0,11,7,20.0,29,3.15,1.45
P4,July 6,2025-06-08,2025-07-05,DLC,Demolition Lumber Co.,A.J. Puk,640462,P,1,0,0,0,0,0,0,0.0,0,0,0,0,0.0,0,0.0,0.0
P4,July 6,2025-06-08,2025-07-05,DDG,Dodger Dawgs,C. Doval,666808,P,1,0,0,0,0,0,0,0.0,1,5,10,8,9.67,17,7.45,1.76
P4,July 6,2025-06-08,2025-07-05,SKD,Skunk Dogs,D. Bednar,670280,P,1,0,0,0,0,0,0,0.0,1,4,11,0,8.0,8,0.0,1.0
P4,July 6,2025-06-08,2025-07-05,DVD,Devil Dawgs,G. Holmes,656550,P,1,0,0,0,0,0,0,0.0,1,0,45,7,28.33,38,2.22,1.34
P4,July 6,2025-06-08,2025-07-05,TSH,The Show,N. Cortes,666126,P,1,0,0,0,0,0,0,0.0,0,0,0,0,0.0,0,0.0,0.0
P4,July 6,2025-06-08,2025-07-05,DDG,Dodger Dawgs,Ro. Suarez,660761,P,1,0,0,0,0,0,0,0.0,0,0,0,0,0.0,0,0.0,0.0
P4,July 6,2025-06-08,2025-07-05,RGS,RGing Sluggers,K. Harrison,690986,P,1,0,0,0,0,0,0,0.0,0,0,6,3,5.0,6,5.4,1.2
P4,July 6,2025-06-08,2025-07-05,DVD,Devil Dawgs,J. Martinez,679885,P,1,0,0,0,0,0,0,0.0,0,0,2,1,0.67,1,13.5,1.5
P4,July 6,2025-06-08,2025-07-05,DMK,Diamond Kings,T. Scott,656945,P,1,0,0,0,0,0,0,0.0,0,7,11,1,11.33,9,0.79,0.79
P4,July 6,2025-06-08,2025-07-05,DDG,Dodger Dawgs,R. Helsley,664854,P,1,0,0,0,0,0,0,0.0,0,4,9,2,7.0,6,2.57,0.86
P4,July 6,2025-06-08,2025-07-05,RGS,RGing Sluggers,C. Faucher,676534,P,1,0,0,0,0,0,0,0.0,1,4,11,4,11.33,15,3.18,1.32
P4,July 6,2025-06-08,2025-07-05,DVD,Devil Dawgs,R. Walker,676254,P,1,0,0,0,0,0,0,0.0,0,0,11,4,10.33,7,3.48,0.68
P4,July 6,2025-06-08,2025-07-05,LDY,Los Doyers,T. Kinley,663855,P,1,0,0,0,0,0,0,0.0,0,0,1,1,1.67,4,5.4,2.4
P4,July 6,2025-06-08,2025-07-05,TSH,The Show,R. Iglesias,628452,P,1,0,0,0,0,0,0,0.0,1,1,12,0,8.67,7,0.0,0.81
P5,Aug 03,2025-07-06,2025-08-02,DMK,Diamond Kings,J. Naylor,647304,1B,0,7,1,3,1,10,44,0.227,0,0,0,0,0.0,0,0.0,0.0
P5,Aug 03,2025-07-06,2025-08-02,DLC,Demolition Lumber Co.,M. Busch,683737,1B,0,7,3,5,0,13,73,0.178,0,0,0,0,0.0,0,0.0,0.0
P5,Aug 03,2025-07-06,2025-08-02,DDG,Dodger Dawgs,C. Encarnacion-Strand,687952,1B,0,0,0,0,0,1,4,0.25,0,0,0,0,0.0,0,0.0,0.0
P5,Aug 03,2025-07-06,2025-08-02,SKD,Skunk Dogs,M. Olson,621566,1B,0,12,1,10,0,20,91,0.22,0,0,0,0,0.0,0,0.0,0.0
P5,Aug 03,2025-07-06,2025-08-02,RGS,RGing Sluggers,F. Freeman,518692,1B,0,8,2,12,1,22,79,0.278,0,0,0,0,0.0,0,0.0,0.0
P5,Aug 03,2025-07-06,2025-08-02,DMK,Diamond Kings,J. Cronenworth,630105,2B,0,10,0,5,0,17,75,0.227,0,0,0,0,0.0,0,0.0,0.0
P5,Aug 03,2025-07-06,2025-08-02,DLC,Demolition Lumber Co.,O. Lopez,672640,2B,0,7,2,11,1,20,80,0.25,0,0,0,0,0.0,0,0.0,0.0
P5,Aug 03,2025-07-06,2025-08-02,DDG,Dodger Dawgs,N. Hoerner,663538,2B,0,11,1,10,3,27,80,0.338,0,0,0,0,0.0,0,0.0,0.0
P5,Aug 03,2025-07-06,2025-08-02,SKD,Skunk Dogs,M. McLain,680574,2B,0,13,2,7,3,25,90,0.278,0,0,0,0,0.0,0,0.0,0.0
P5,Aug 03,2025-07-06,2025-08-02,RGS,RGing Sluggers,L. Garcia,671277,2B,0,7,2,7,1,16,66,0.242,0,0,0,0,0.0,0,0.0,0.0
P5,Aug 03,2025-07-06,2025-08-02,DVD,Devil Dawgs,O. Albies,645277,2B,0,11,3,15,3,20,78,0.256,0,0,0,0,0.0,0,0.0,0.0
P5,Aug 03,2025-07-06,2025-08-02,LDY,Los Doyers,B. Stott,681082,2B,0,7,2,8,4,12,54,0.222,0,0,0,0,0.0,0,0.0,0.0
P5,Aug 03,2025-07-06,2025-08-02,DMK,Diamond Kings,E. De La Cruz,682829,SS,0,12,1,12,8,25,85,0.294,0,0,0,0,0.0,0,0.0,0.0
P5,Aug 03,2025-07-06,2025-08-02,DLC,Demolition Lumber Co.,D. Swanson,621020,SS,0,10,1,9,1,16,74,0.216,0,0,0,0,0.0,0,0.0,0.0
P5,Aug 03,2025-07-06,2025-08-02,DDG,Dodger Dawgs,F. Lindor,596019,SS,0,13,3,16,3,19,91,0.209,0,0,0,0,0.0,0,0.0,0.0
P5,Aug 03,2025-07-06,2025-08-02,SKD,Skunk Dogs,T. Turner,607208,SS,0,11,0,6,3,20,89,0.225,0,0,0,0,0.0,0,0.0,0.0
P5,Aug 03,2025-07-06,2025-08-02,RGS,RGing Sluggers,O. Cruz,665833,SS,0,9,3,13,6,19,74,0.257,0,0,0,0,0.0,0,0.0,0.0
P5,Aug 03,2025-07-06,2025-08-02,DVD,Devil Dawgs,T. Fitzgerald,666149,SS,0,1,1,1,0,1,4,0.25,0,0,0,0,0.0,0,0.0,0.0
P5,Aug 03,2025-07-06,2025-08-02,LDY,Los Doyers,M. Betts,605141,SS,0,9,0,3,1,13,75,0.173,0,0,0,0,0.0,0,0.0,0.0
P5,Aug 03,2025-07-06,2025-08-02,TSH,The Show,X. Bogaerts,593428,SS,0,11,2,7,3,29,87,0.333,0,0,0,0,0.0,0,0.0,0.0
P5,Aug 03,2025-07-06,2025-08-02,DMK,Diamond Kings,N. Arenado,571448,3B,0,5,0,2,1,9,54,0.167,0,0,0,0,0.0,0,0.0,0.0
P5,Aug 03,2025-07-06,2025-08-02,DLC,Demolition Lumber Co.,R. McMahon,641857,3B,0,7,4,10,0,12,47,0.255,0,0,0,0,0.0,0,0.0,0.0
P5,Aug 03,2025-07-06,2025-08-02,DDG,Dodger Dawgs,E. Suarez,660761,3B,0,0,0,0,0,0,0,0.0,0,0,0,0,0.0,0,0.0,0.0
P5,Aug 03,2025-07-06,2025-08-02,SKD,Skunk Dogs,A. Bohm,664761,3B,0,4,0,1,0,5,24,0.208,0,0,0,0,0.0,0,0.0,0.0
P5,Aug 03,2025-07-06,2025-08-02,RGS,RGing Sluggers,M. Chapman,656305,3B,0,14,4,12,0,16,81,0.198,0,0,0,0,0.0,0,0.0,0.0
P5,Aug 03,2025-07-06,2025-08-02,DVD,Devil Dawgs,A. Riley,663586,3B,0,7,3,9,0,9,56,0.161,0,0,0,0,0.0,0,0.0,0.0
P5,Aug 03,2025-07-06,2025-08-02,TSH,The Show,M. Machado,592518,3B,0,11,6,20,2,31,92,0.337,0,0,0,0,0.0,0,0.0,0.0
P5,Aug 03,2025-07-06,2025-08-02,DMK,Diamond Kings,F. Tatis Jr.,665487,OF,0,16,2,6,4,24,83,0.289,0,0,0,0,0.0,0,0.0,0.0
P5,Aug 03,2025-07-06,2025-08-02,DLC,Demolition Lumber Co.,C. Carroll,682998,OF,0,14,2,8,4,20,86,0.233,0,0,0,0,0.0,0,0.0,0.0
P5,Aug 03,2025-07-06,2025-08-02,DDG,Dodger Dawgs,J. Chourio,694192,OF,0,13,3,15,2,26,71,0.366,0,0,0,0,0.0,0,0.0,0.0
P5,Aug 03,2025-07-06,2025-08-02,RGS,RGing Sluggers,B. Donovan,680977,OF,0,9,2,10,0,18,80,0.225,0,0,0,0,0.0,0,0.0,0.0
P5,Aug 03,2025-07-06,2025-08-02,DVD,Devil Dawgs,J. Merrill,701538,OF,0,9,3,15,0,19,85,0.224,0,0,0,0,0.0,0,0.0,0.0
P5,Aug 03,2025-07-06,2025-08-02,LDY,Los Doyers,T. Hernandez,606192,OF,0,3,2,10,0,14,63,0.222,0,0,0,0,0.0,0,0.0,0.0
P5,Aug 03,2025-07-06,2025-08-02,TSH,The Show,M. Harris II,671739,OF,0,13,3,7,0,28,81,0.346,0,0,0,0,0.0,0,0.0,0.0
P5,Aug 03,2025-07-06,2025-08-02,DMK,Diamond Kings,D. Crews,686611,OF,0,0,0,0,0,0,0,0.0,0,0,0,0,0.0,0,0.0,0.0
P5,Aug 03,2025-07-06,2025-08-02,DLC,Demolition Lumber Co.,R. Acuna Jr.,660670,OF,0,14,5,8,0,14,58,0.241,0,0,0,0,0.0,0,0.0,0.0
P5,Aug 03,2025-07-06,2025-08-02,DDG,Dodger Dawgs,J. Wood,695578,OF,0,4,1,4,2,10,75,0.133,0,0,0,0,0.0,0,0.0,0.0
P5,Aug 03,2025-07-06,2025-08-02,SKD,Skunk Dogs,"N,. Castellanos",592206,OF,0,14,4,11,2,19,79,0.241,0,0,0,0,0.0,0,0.0,0.0
P5,Aug 03,2025-07-06,2025-08-02,RGS,RGing Sluggers,S. Steer,668715,OF,0,8,2,9,0,12,72,0.167,0,0,0,0,0.0,0,0.0,0.0
P5,Aug 03,2025-07-06,2025-08-02,DVD,Devil Dawgs,S. Suzuki,673548,OF,0,9,2,6,1,14,77,0.182,0,0,0,0,0.0,0,0.0,0.0
P5,Aug 03,2025-07-06,2025-08-02,LDY,Los Doyers,J. Soto,665742,OF,0,10,4,12,6,12,73,0.164,0,0,0,0,0.0,0,0.0,0.0
P5,Aug 03,2025-07-06,2025-08-02,TSH,The Show,P. Crow-Armstrong,691718,OF,0,10,4,12,3,21,79,0.266,0,0,0,0,0.0,0,0.0,0.0
P5,Aug 03,2025-07-06,2025-08-02,DMK,Diamond Kings,N. Jones,666134,OF,0,9,0,6,2,13,61,0.213,0,0,0,0,0.0,0,0.0,0.0
P5,Aug 03,2025-07-06,2025-08-02,DDG,Dodger Dawgs,B. Doyle,686668,OF,0,8,1,5,2,18,53,0.34,0,0,0,0,0.0,0,0.0,0.0
P5,Aug 03,2025-07-06,2025-08-02,SKD,Skunk Dogs,L. Nootbaar,663457,OF,0,4,1,1,0,5,23,0.217,0,0,0,0,0.0,0,0.0,0.0
P5,Aug 03,2025-07-06,2025-08-02,DVD,Devil Dawgs,B. Reynolds,668804,OF,0,9,0,7,0,22,82,0.268,0,0,0,0,0.0,0,0.0,0.0
P5,Aug 03,2025-07-06,2025-08-02,LDY,Los Doyers,J.H. Lee,808982,OF,0,3,0,8,1,20,70,0.286,0,0,0,0,0.0,0,0.0,0.0
P5,Aug 03,2025-07-06,2025-08-02,TSH,The Show,I. Happ,664023,OF,0,9,3,8,1,14,68,0.206,0,0,0,0,0.0,0,0.0,0.0
P5,Aug 03,2025-07-06,2025-08-02,DMK,Diamond Kings,S. Frelick,686217,OF,0,10,2,5,2,14,42,0.333,0,0,0,0,0.0,0,0.0,0.0
P5,Aug 03,2025-07-06,2025-08-02,DLC,Demolition Lumber Co.,T. Edman,669242,OF,0,4,2,6,0,9,54,0.167,0,0,0,0,0.0,0,0.0,0.0
P5,Aug 03,2025-07-06,2025-08-02,SKD,Skunk Dogs,L. Gurriel Jr.,666971,OF,0,4,0,4,1,16,72,0.222,0,0,0,0,0.0,0,0.0,0.0
P5,Aug 03,2025-07-06,2025-08-02,RGS,RGing Sluggers,B. Nimmo,607043,OF,0,15,1,11,3,22,80,0.275,0,0,0,0,0.0,0,0.0,0.0
P5,Aug 03,2025-07-06,2025-08-02,DVD,Devil Dawgs,H. Ramos,671218,OF,0,8,0,3,1,20,85,0.235,0,0,0,0,0.0,0,0.0,0.0
P5,Aug 03,2025-07-06,2025-08-02,TSH,The Show,J Profar,595777,OF,0,11,1,8,2,22,93,0.237,0,0,0,0,0.0,0,0.0,0.0
P5,Aug 03,2025-07-06,2025-08-02,DMK,Diamond Kings,J. Sanchez,660821,OF,0,9,3,7,0,16,65,0.246,0,0,0,0,0.0,0,0.0,0.0
P5,Aug 03,2025-07-06,2025-08-02,DLC,Demolition Lumber Co.,G. Mitchell,669003,OF,0,0,0,0,0,0,0,0.0,0,0,0,0,0.0,0,0.0,0.0
P5,Aug 03,2025-07-06,2025-08-02,SKD,Skunk Dogs,T. Friedl,670770,OF,0,13,2,5,1,14,67,0.209,0,0,0,0,0.0,0,0.0,0.0
P5,Aug 03,2025-07-06,2025-08-02,RGS,RGing Sluggers,J. McNeil,643446,OF,0,5,0,5,1,13,57,0.228,0,0,0,0,0.0,0,0.0,0.0
P5,Aug 03,2025-07-06,2025-08-02,LDY,Los Doyers,A. Burleson,676475,OF,0,10,3,11,1,19,76,0.25,0,0,0,0,0.0,0,0.0,0.0
P5,Aug 03,2025-07-06,2025-08-02,TSH,The Show,J. McCarthy,664983,OF,0,1,0,0,1,6,34,0.176,0,0,0,0,0.0,0,0.0,0.0
P5,Aug 03,2025-07-06,2025-08-02,DMK,Diamond Kings,I. Herrera,671056,C,0,4,1,3,2,15,59,0.254,0,0,0,0,0.0,0,0.0,0.0
P5,Aug 03,2025-07-06,2025-08-02,DLC,Demolition Lumber Co.,P. Bailey,672275,C,0,5,1,6,0,16,60,0.267,0,0,0,0,0.0,0,0.0,0.0
P5,Aug 03,2025-07-06,2025-08-02,DDG,Dodger Dawgs,K. Ruiz,660688,C,0,0,0,0,0,0,0,0.0,0,0,0,0,0.0,0,0.0,0.0
P5,Aug 03,2025-07-06,2025-08-02,SKD,Skunk Dogs,D. Baldwin,686948,C,0,6,1,13,0,20,69,0.29,0,0,0,0,0.0,0,0.0,0.0
P5,Aug 03,2025-07-06,2025-08-02,LDY,Los Doyers,W. Smith,669257,C,0,10,2,5,0,16,54,0.296,0,0,0,0,0.0,0,0.0,0.0
P5,Aug 03,2025-07-06,2025-08-02,DMK,Diamond Kings,T. Stephenson,663886,C,0,7,2,9,0,13,54,0.241,0,0,0,0,0.0,0,0.0,0.0
P5,Aug 03,2025-07-06,2025-08-02,DLC,Demolition Lumber Co.,D. Rushing,687221,C,0,0,0,2,0,4,25,0.16,0,0,0,0,0.0,0,0.0,0.0
P5,Aug 03,2025-07-06,2025-08-02,DDG,Dodger Dawgs,F. Alvarez,682626,C,0,7,1,2,0,7,25,0.28,0,0,0,0,0.0,0,0.0,0.0
P5,Aug 03,2025-07-06,2025-08-02,SKD,Skunk Dogs,H. Goodman,696100,C,0,8,4,11,0,16,60,0.267,0,0,0,0,0.0,0,0.0,0.0
P5,Aug 03,2025-07-06,2025-08-02,DVD,Devil Dawgs,G. Moreno,672515,C,0,0,0,0,0,0,0,0.0,0,0,0,0,0.0,0,0.0,0.0
P5,Aug 03,2025-07-06,2025-08-02,LDY,Los Doyers,S. Murphy,669221,C,0,11,4,12,0,15,63,0.238,0,0,0,0,0.0,0,0.0,0.0
P5,Aug 03,2025-07-06,2025-08-02,SKD,Skunk Dogs,K. Hayes,663647,CM,0,1,1,3,0,3,12,0.25,0,0,0,0,0.0,0,0.0,0.0
P5,Aug 03,2025-07-06,2025-08-02,RGS,RGing Sluggers,C. Norby,681393,CM,0,3,1,2,0,5,20,0.25,0,0,0,0,0.0,0,0.0,0.0
P5,Aug 03,2025-07-06,2025-08-02,DVD,Devil Dawgs,M. Vientos,668901,CM,0,1,1,10,0,19,62,0.306,0,0,0,0,0.0,0,0.0,0.0
P5,Aug 03,2025-07-06,2025-08-02,LDY,Los Doyers,M. Shaw,807713,CM,0,9,4,11,3,15,58,0.259,0,0,0,0,0.0,0,0.0,0.0
P5,Aug 03,2025-07-06,2025-08-02,TSH,The Show,B. Harper,547180,CM,0,17,7,13,2,25,81,0.309,0,0,0,0,0.0,0,0.0,0.0
P5,Aug 03,2025-07-06,2025-08-02,DMK,Diamond Kings,W. Adames,642715,MI,0,17,7,17,0,22,80,0.275,0,0,0,0,0.0,0,0.0,0.0
P5,Aug 03,2025-07-06,2025-08-02,DLC,Demolition Lumber Co.,L. Acuna,682668,MI,0,3,0,1,1,3,14,0.214,0,0,0,0,0.0,0,0.0,0.0
P5,Aug 03,2025-07-06,2025-08-02,DDG,Dodger Dawgs,CJ. Abrams,682928,MI,0,9,2,11,7,19,79,0.241,0,0,0,0,0.0,0,0.0,0.0
P5,Aug 03,2025-07-06,2025-08-02,SKD,Skunk Dogs,X. Edwards,669364,MI,0,16,1,9,2,28,90,0.311,0,0,0,0,0.0,0,0.0,0.0
P5,Aug 03,2025-07-06,2025-08-02,RGS,RGing Sluggers,E. Tovar,678662,MI,0,11,3,7,1,14,46,0.304,0,0,0,0,0.0,0,0.0,0.0
P5,Aug 03,2025-07-06,2025-08-02,DVD,Devil Dawgs,G. Perdomo,621121,MI,0,0,0,0,0,0,0,0.0,0,0,0,0,0.0,0,0.0,0.0
P5,Aug 03,2025-07-06,2025-08-02,LDY,Los Doyers,M. Winn,691026,MI,0,7,0,11,2,27,80,0.338,0,0,0,0,0.0,0,0.0,0.0
P5,Aug 03,2025-07-06,2025-08-02,TSH,The Show,B. Turang,668930,MI,0,8,1,9,2,19,74,0.257,0,0,0,0,0.0,0,0.0,0.0
P5,Aug 03,2025-07-06,2025-08-02,DLC,Demolition Lumber Co.,S. Ohtani,660271,DH,0,15,8,17,1,19,83,0.229,0,0,0,0,0.0,0,0.0,0.0
P5,Aug 03,2025-07-06,2025-08-02,DDG,Dodger Dawgs,C. Yelich,592885,DH,0,15,4,11,3,20,77,0.26,0,0,0,0,0.0,0,0.0,0.0
P5,Aug 03,2025-07-06,2025-08-02,SKD,Skunk Dogs,K. Marte,606466,DH,0,5,2,4,0,17,67,0.254,0,0,0,0,0.0,0,0.0,0.0
P5,Aug 03,2025-07-06,2025-08-02,DMK,Diamond Kings,T. Glasnow,607192,P,1,0,0,0,0,0,0,0.0,0,0,26,6,22.0,23,2.45,1.05
P5,Aug 03,2025-07-06,2025-08-02,DLC,Demolition Lumber Co.,P. Skenes,694973,P,1,0,0,0,0,0,0,0.0,2,0,39,6,27.0,25,2.0,0.93
P5,Aug 03,2025-07-06,2025-08-02,DDG,Dodger Dawgs,C. Burnes,669203,P,1,0,0,0,0,0,0,0.0,0,0,0,0,0.0,0,0.0,0.0
P5,Aug 03,2025-07-06,2025-08-02,SKD,Skunk Dogs,C. Sale,519242,P,1,0,0,0,0,0,0,0.0,0,0,0,0,0.0,0,0.0,0.0
P5,Aug 03,2025-07-06,2025-08-02,RGS,RGing Sluggers,Y. Yamamoto,808967,P,1,0,0,0,0,0,0,0.0,1,0,24,7,19.67,24,3.2,1.22
P5,Aug 03,2025-07-06,2025-08-02,DVD,Devil Dawgs,J. Steele,657006,P,1,0,0,0,0,0,0,0.0,0,0,0,0,0.0,0,0.0,0.0
P5,Aug 03,2025-07-06,2025-08-02,LDY,Los Doyers,S. Alcantara,645261,P,1,0,0,0,0,0,0,0.0,2,0,14,10,23.0,31,3.91,1.35
P5,Aug 03,2025-07-06,2025-08-02,TSH,The Show,B. Snell,605483,P,1,0,0,0,0,0,0,0.0,0,0,8,3,5.0,5,5.4,1.0
P5,Aug 03,2025-07-06,2025-08-02,DMK,Diamond Kings,R. Sasaki,808963,P,1,0,0,0,0,0,0,0.0,0,0,0,0,0.0,0,0.0,0.0
P5,Aug 03,2025-07-06,2025-08-02,DLC,Demolition Lumber Co.,Z. Wheeler,554430,P,1,0,0,0,0,0,0,0.0,1,0,46,14,32.67,31,3.86,0.95
P5,Aug 03,2025-07-06,2025-08-02,DDG,Dodger Dawgs,S. Strider,675911,P,1,0,0,0,0,0,0,0.0,2,0,29,8,22.67,31,3.18,1.37
P5,Aug 03,2025-07-06,2025-08-02,SKD,Skunk Dogs,S. Ohtani,660271,P,1,15,8,17,1,19,83,0.229,0,0,11,3,9.0,14,3.0,1.56
P5,Aug 03,2025-07-06,2025-08-02,RGS,RGing Sluggers,L. Webb,657277,P,1,0,0,0,0,0,0,0.0,1,0,22,17,21.0,37,7.29,1.76
P5,Aug 03,2025-07-06,2025-08-02,DVD,Devil Dawgs,H. Greene,668881,P,1,0,0,0,0,0,0,0.0,0,0,0,0,0.0,0,0.0,0.0
P5,Aug 03,2025-07-06,2025-08-02,LDY,Los Doyers,K. Senga,673540,P,1,0,0,0,0,0,0,0.0,0,0,16,11,16.0,30,6.19,1.88
P5,Aug 03,2025-07-06,2025-08-02,DMK,Diamond Kings,Y. Darvish,506433,P,1,0,0,0,0,0,0,0.0,1,0,18,17,23.67,32,6.46,1.35
P5,Aug 03,2025-07-06,2025-08-02,DDG,Dodger Dawgs,S. Schwellenbach,680885,P,1,0,0,0,0,0,0,0.0,0,0,0,0,0.0,0,0.0,0.0
P5,Aug 03,2025-07-06,2025-08-02,SKD,Skunk Dogs,A. Nola,605400,P,1,0,0,0,0,0,0,0.0,0,0,0,0,0.0,0,0.0,0.0
P5,Aug 03,2025-07-06,2025-08-02,RGS,RGing Sluggers,S. Imanaga,684007,P,1,0,0,0,0,0,0,0.0,3,0,22,13,28.0,31,4.18,1.11
P5,Aug 03,2025-07-06,2025-08-02,DVD,Devil Dawgs,M. Kelly,547184,P,1,0,0,0,0,0,0,0.0,0,0,4,2,8.0,7,2.25,0.88
P5,Aug 03,2025-07-06,2025-08-02,LDY,Los Doyers,R. Ray,592662,P,1,0,0,0,0,0,0,0.0,0,0,23,11,28.67,35,3.45,1.22
P5,Aug 03,2025-07-06,2025-08-02,TSH,The Show,N. Lodolo,666157,P,1,0,0,0,0,0,0,0.0,3,0,30,4,27.33,19,1.32,0.7
P5,Aug 03,2025-07-06,2025-08-02,DMK,Diamond Kings,M. Keller,656605,P,1,0,0,0,0,0,0,0.0,1,0,16,9,20.67,26,3.92,1.26
P5,Aug 03,2025-07-06,2025-08-02,DLC,Demolition Lumber Co.,I. Anderson,681982,P,1,0,0,0,0,0,0,0.0,1,0,13,6,10.33,13,5.23,1.26
P5,Aug 03,2025-07-06,2025-08-02,DDG,Dodger Dawgs,F. Peralta,642547,P,1,0,0,0,0,0,0,0.0,3,0,30,11,26.67,34,3.71,1.27
P5,Aug 03,2025-07-06,2025-08-02,SKD,Skunk Dogs,B. Pfaadt,694297,P,1,0,0,0,0,0,0,0.0,2,0,18,11,25.0,26,3.96,1.04
P5,Aug 03,2025-07-06,2025-08-02,RGS,RGing Sluggers,A. Abbott,671096,P,1,0,0,0,0,0,0,0.0,1,0,18,6,25.0,30,2.16,1.2
P5,Aug 03,2025-07-06,2025-08-02,DVD,Devil Dawgs,S. Gray,543243,P,1,0,0,0,0,0,0,0.0,2,0,26,20,21.33,40,8.44,1.88
P5,Aug 03,2025-07-06,2025-08-02,LDY,Los Doyers,N. Pivetta,601713,P,1,0,0,0,0,0,0,0.0,2,0,29,4,31.67,20,1.14,0.63
P5,Aug 03,2025-07-06,2025-08-02,DMK,Diamond Kings,Ra. Suarez,660761,P,1,0,0,0,0,0,0,0.0,0,0,0,0,0.0,0,0.0,0.0
P5,Aug 03,2025-07-06,2025-08-02,SKD,Skunk Dogs,C. Sanchez,650911,P,1,0,0,0,0,0,0,0.0,2,0,31,7,30.0,29,2.1,0.97
P5,Aug 03,2025-07-06,2025-08-02,RGS,RGing Sluggers,B. Singer,663903,P,1,0,0,0,0,0,0,0.0,2,0,31,13,27.0,32,4.33,1.19
P5,Aug 03,2025-07-06,2025-08-02,DVD,Devil Dawgs,D. Peterson,656849,P,1,0,0,0,0,0,0,0.0,1,0,18,4,25.0,27,1.44,1.08
P5,Aug 03,2025-07-06,2025-08-02,TSH,The Show,J. Taillon,592791,P,1,0,0,0,0,0,0,0.0,0,0,0,0,0.0,0,0.0,0.0
P5,Aug 03,2025-07-06,2025-08-02,DLC,Demolition Lumber Co.,T. Myers,668964,P,1,0,0,0,0,0,0,0.0,0,0,4,0,3.0,1,0.0,0.33
P5,Aug 03,2025-07-06,2025-08-02,DDG,Dodger Dawgs,M. Gore,669022,P,1,0,0,0,0,0,0,0.0,1,0,17,16,18.67,33,7.71,1.77
P5,Aug 03,2025-07-06,2025-08-02,SKD,Skunk Dogs,J. Luzardo,666200,P,1,0,0,0,0,0,0,0.0,2,0,25,10,23.67,23,3.8,0.97
P5,Aug 03,2025-07-06,2025-08-02,DVD,Devil Dawgs,R. Lopez,625643,P,1,0,0,0,0,0,0,0.0,0,0,0,0,0.0,0,0.0,0.0
P5,Aug 03,2025-07-06,2025-08-02,TSH,The Show,C. Holmes,605280,P,1,0,0,0,0,0,0,0.0,1,0,15,14,24.0,39,5.25,1.62
P5,Aug 03,2025-07-06,2025-08-02,DLC,Demolition Lumber Co.,A.J. Puk,640462,P,1,0,0,0,0,0,0,0.0,0,0,0,0,0.0,0,0.0,0.0
P5,Aug 03,2025-07-06,2025-08-02,DDG,Dodger Dawgs,C. Doval,666808,P,1,0,0,0,0,0,0,0.0,0,2,12,3,8.0,12,3.38,1.5
P5,Aug 03,2025-07-06,2025-08-02,SKD,Skunk Dogs,D. Bednar,670280,P,1,0,0,0,0,0,0,0.0,0,5,9,1,8.33,8,1.08,0.96
P5,Aug 03,2025-07-06,2025-08-02,DVD,Devil Dawgs,G. Holmes,656550,P,1,0,0,0,0,0,0,0.0,0,0,10,14,19.0,35,6.63,1.84
P5,Aug 03,2025-07-06,2025-08-02,TSH,The Show,N. Cortes,666126,P,1,4,0,2,0,10,30,0.333,0,0,0,0,0.0,0,0.0,0.0
P5,Aug 03,2025-07-06,2025-08-02,DDG,Dodger Dawgs,Ro. Suarez,660761,P,1,0,0,0,0,0,0,0.0,0,0,0,0,0.0,0,0.0,0.0
P5,Aug 03,2025-07-06,2025-08-02,RGS,RGing Sluggers,K. Harrison,690986,P,1,0,0,0,0,0,0,0.0,0,0,0,0,0.0,0,0.0,0.0
P5,Aug 03,2025-07-06,2025-08-02,DVD,Devil Dawgs,J. Martinez,679885,P,1,0,0,0,0,0,0,0.0,0,0,0,0,0.0,0,0.0,0.0
P5,Aug 03,2025-07-06,2025-08-02,DMK,Diamond Kings,T. Scott,656945,P,1,0,0,0,0,0,0,0.0,0,1,6,6,5.67,12,9.53,2.12
P5,Aug 03,2025-07-06,2025-08-02,DDG,Dodger Dawgs,R. Helsley,664854,P,1,0,0,0,0,0,0,0.0,0,0,3,0,1.0,2,0.0,2.0
P5,Aug 03,2025-07-06,2025-08-02,RGS,RGing Sluggers,C. Faucher,676534,P,1,0,0,0,0,0,0,0.0,0,3,10,2,8.67,10,2.08,1.15
P5,Aug 03,2025-07-06,2025-08-02,DVD,Devil Dawgs,R. Walker,676254,P,1,0,0,0,0,0,0,0.0,2,0,11,3,10.67,11,2.53,1.03
P5,Aug 03,2025-07-06,2025-08-02,LDY,Los Doyers,T. Kinley,663855,P,1,0,0,0,0,0,0,0.0,0,2,6,3,6.67,11,4.05,1.65
P5,Aug 03,2025-07-06,2025-08-02,TSH,The Show,R. Iglesias,628452,P,1,0,0,0,0,0,0,0.0,0,5,12,5,12.0,8,3.75,0.67
P6,Aug 31,2025-08-03,2025-08-30,DMK,Diamond Kings,J. Naylor,647304,1B,0,12,4,12,5,21,79,0.266,0,0,0,0,0.0,0,0.0,0.0
P6,Aug 31,2025-08-03,2025-08-30,DLC,Demolition Lumber Co.,M. Busch,683737,1B,0,12,5,15,0,22,90,0.244,0,0,0,0,0.0,0,0.0,0.0
P6,Aug 31,2025-08-03,2025-08-30,DDG,Dodger Dawgs,C. Encarnacion-Strand,687952,1B,0,0,0,0,0,0,0,0.0,0,0,0,0,0.0,0,0.0,0.0
P6,Aug 31,2025-08-03,2025-08-30,SKD,Skunk Dogs,M. Olson,621566,1B,0,16,3,8,1,33,104,0.317,0,0,0,0,0.0,0,0.0,0.0
P6,Aug 31,2025-08-03,2025-08-30,RGS,RGing Sluggers,F. Freeman,518692,1B,0,14,6,16,2,26,89,0.292,0,0,0,0,0.0,0,0.0,0.0
P6,Aug 31,2025-08-03,2025-08-30,DMK,Diamond Kings,J. Cronenworth,630105,2B,0,13,2,17,0,21,67,0.313,0,0,0,0,0.0,0,0.0,0.0
P6,Aug 31,2025-08-03,2025-08-30,DLC,Demolition Lumber Co.,O. Lopez,672640,2B,0,11,1,10,2,22,96,0.229,0,0,0,0,0.0,0,0.0,0.0
P6,Aug 31,2025-08-03,2025-08-30,DDG,Dodger Dawgs,N. Hoerner,663538,2B,0,7,1,8,4,25,91,0.275,0,0,0,0,0.0,0,0.0,0.0
P6,Aug 31,2025-08-03,2025-08-30,SKD,Skunk Dogs,M. McLain,680574,2B,0,6,1,3,1,11,56,0.196,0,0,0,0,0.0,0,0.0,0.0
P6,Aug 31,2025-08-03,2025-08-30,RGS,RGing Sluggers,L. Garcia,671277,2B,0,9,2,7,1,17,66,0.258,0,0,0,0,0.0,0,0.0,0.0
P6,Aug 31,2025-08-03,2025-08-30,DVD,Devil Dawgs,O. Albies,645277,2B,0,13,4,17,2,28,106,0.264,0,0,0,0,0.0,0,0.0,0.0
P6,Aug 31,2025-08-03,2025-08-30,LDY,Los Doyers,B. Stott,681082,2B,0,13,2,11,6,21,69,0.304,0,0,0,0,0.0,0,0.0,0.0
P6,Aug 31,2025-08-03,2025-08-30,DMK,Diamond Kings,E. De La Cruz,682829,SS,0,13,0,5,2,24,103,0.233,0,0,0,0,0.0,0,0.0,0.0
P6,Aug 31,2025-08-03,2025-08-30,DLC,Demolition Lumber Co.,D. Swanson,621020,SS,0,15,5,14,3,24,88,0.273,0,0,0,0,0.0,0,0.0,0.0
P6,Aug 31,2025-08-03,2025-08-30,DDG,Dodger Dawgs,F. Lindor,596019,SS,0,24,6,13,8,36,105,0.343,0,0,0,0,0.0,0,0.0,0.0
P6,Aug 31,2025-08-03,2025-08-30,SKD,Skunk Dogs,T. Turner,607208,SS,0,20,3,19,9,40,112,0.357,0,0,0,0,0.0,0,0.0,0.0
P6,Aug 31,2025-08-03,2025-08-30,RGS,RGing Sluggers,O. Cruz,665833,SS,0,4,1,5,1,5,47,0.106,0,0,0,0,0.0,0,0.0,0.0
P6,Aug 31,2025-08-03,2025-08-30,DVD,Devil Dawgs,T. Fitzgerald,666149,SS,0,1,1,1,0,2,19,0.105,0,0,0,0,0.0,0,0.0,0.0
P6,Aug 31,2025-08-03,2025-08-30,LDY,Los Doyers,M. Betts,605141,SS,0,17,3,12,1,28,92,0.304,0,0,0,0,0.0,0,0.0,0.0
P6,Aug 31,2025-08-03,2025-08-30,TSH,The Show,X. Bogaerts,593428,SS,0,13,3,12,4,18,79,0.228,0,0,0,0,0.0,0,0.0,0.0
P6,Aug 31,2025-08-03,2025-08-30,DMK,Diamond Kings,N. Arenado,571448,3B,0,0,0,0,0,0,0,0.0,0,0,0,0,0.0,0,0.0,0.0
P6,Aug 31,2025-08-03,2025-08-30,DLC,Demolition Lumber Co.,R. McMahon,641857,3B,0,9,2,6,0,12,70,0.171,0,0,0,0,0.0,0,0.0,0.0
P6,Aug 31,2025-08-03,2025-08-30,DDG,Dodger Dawgs,E. Suarez,660761,3B,0,0,0,0,0,0,0,0.0,0,0,0,0,0.0,0,0.0,0.0
P6,Aug 31,2025-08-03,2025-08-30,SKD,Skunk Dogs,A. Bohm,664761,3B,0,7,1,9,0,15,50,0.3,0,0,0,0,0.0,0,0.0,0.0
P6,Aug 31,2025-08-03,2025-08-30,RGS,RGing Sluggers,M. Chapman,656305,3B,0,9,2,8,2,12,56,0.214,0,0,0,0,0.0,0,0.0,0.0
P6,Aug 31,2025-08-03,2025-08-30,DVD,Devil Dawgs,A. Riley,663586,3B,0,0,0,0,0,0,0,0.0,0,0,0,0,0.0,0,0.0,0.0
P6,Aug 31,2025-08-03,2025-08-30,TSH,The Show,M. Machado,592518,3B,0,15,1,7,2,22,98,0.224,0,0,0,0,0.0,0,0.0,0.0
P6,Aug 31,2025-08-03,2025-08-30,DMK,Diamond Kings,F. Tatis Jr.,665487,OF,0,16,1,13,5,26,95,0.274,0,0,0,0,0.0,0,0.0,0.0
P6,Aug 31,2025-08-03,2025-08-30,DLC,Demolition Lumber Co.,C. Carroll,682998,OF,0,20,6,16,7,30,104,0.288,0,0,0,0,0.0,0,0.0,0.0
P6,Aug 31,2025-08-03,2025-08-30,DDG,Dodger Dawgs,J. Chourio,694192,OF,0,1,1,1,0,2,4,0.5,0,0,0,0,0.0,0,0.0,0.0
P6,Aug 31,2025-08-03,2025-08-30,RGS,RGing Sluggers,B. Donovan,680977,OF,0,1,0,3,0,6,25,0.24,0,0,0,0,0.0,0,0.0,0.0
P6,Aug 31,2025-08-03,2025-08-30,DVD,Devil Dawgs,J. Merrill,701538,OF,0,4,1,7,0,11,48,0.229,0,0,0,0,0.0,0,0.0,0.0
P6,Aug 31,2025-08-03,2025-08-30,LDY,Los Doyers,T. Hernandez,606192,OF,0,9,5,13,0,18,82,0.22,0,0,0,0,0.0,0,0.0,0.0
P6,Aug 31,2025-08-03,2025-08-30,TSH,The Show,M. Harris II,671739,OF,0,14,8,23,3,31,107,0.29,0,0,0,0,0.0,0,0.0,0.0
P6,Aug 31,2025-08-03,2025-08-30,DMK,Diamond Kings,D. Crews,686611,OF,0,9,0,4,3,11,51,0.216,0,0,0,0,0.0,0,0.0,0.0
P6,Aug 31,2025-08-03,2025-08-30,DLC,Demolition Lumber Co.,R. Acuna Jr.,660670,OF,0,9,1,5,2,13,53,0.245,0,0,0,0,0.0,0,0.0,0.0
P6,Aug 31,2025-08-03,2025-08-30,DDG,Dodger Dawgs,J. Wood,695578,OF,0,11,2,13,1,25,95,0.263,0,0,0,0,0.0,0,0.0,0.0
P6,Aug 31,2025-08-03,2025-08-30,SKD,Skunk Dogs,"N,. Castellanos",592206,OF,0,13,1,1,0,13,79,0.165,0,0,0,0,0.0,0,0.0,0.0
P6,Aug 31,2025-08-03,2025-08-30,RGS,RGing Sluggers,S. Steer,668715,OF,0,10,5,17,0,18,82,0.22,0,0,0,0,0.0,0,0.0,0.0
P6,Aug 31,2025-08-03,2025-08-30,DVD,Devil Dawgs,S. Suzuki,673548,OF,0,10,1,6,1,20,80,0.25,0,0,0,0,0.0,0,0.0,0.0
P6,Aug 31,2025-08-03,2025-08-30,LDY,Los Doyers,J. Soto,665742,OF,0,27,10,21,9,25,88,0.284,0,0,0,0,0.0,0,0.0,0.0
P6,Aug 31,2025-08-03,2025-08-30,TSH,The Show,P. Crow-Armstrong,691718,OF,0,7,1,5,2,15,89,0.169,0,0,0,0,0.0,0,0.0,0.0
P6,Aug 31,2025-08-03,2025-08-30,DMK,Diamond Kings,N. Jones,666134,OF,0,8,2,3,1,9,40,0.225,0,0,0,0,0.0,0,0.0,0.0
P6,Aug 31,2025-08-03,2025-08-30,DDG,Dodger Dawgs,B. Doyle,686668,OF,0,11,6,17,5,26,81,0.321,0,0,0,0,0.0,0,0.0,0.0
P6,Aug 31,2025-08-03,2025-08-30,SKD,Skunk Dogs,L. Nootbaar,663457,OF,0,10,1,7,0,24,86,0.279,0,0,0,0,0.0,0,0.0,0.0
P6,Aug 31,2025-08-03,2025-08-30,DVD,Devil Dawgs,B. Reynolds,668804,OF,0,13,4,16,0,26,96,0.271,0,0,0,0,0.0,0,0.0,0.0
P6,Aug 31,2025-08-03,2025-08-30,LDY,Los Doyers,J.H. Lee,808982,OF,0,11,1,4,3,27,92,0.293,0,0,0,0,0.0,0,0.0,0.0
P6,Aug 31,2025-08-03,2025-08-30,TSH,The Show,I. Happ,664023,OF,0,9,2,8,0,21,79,0.266,0,0,0,0,0.0,0,0.0,0.0
P6,Aug 31,2025-08-03,2025-08-30,DMK,Diamond Kings,S. Frelick,686217,OF,0,14,2,12,1,25,86,0.291,0,0,0,0,0.0,0,0.0,0.0
P6,Aug 31,2025-08-03,2025-08-30,DLC,Demolition Lumber Co.,T. Edman,669242,OF,0,0,0,0,0,1,2,0.5,0,0,0,0,0.0,0,0.0,0.0
P6,Aug 31,2025-08-03,2025-08-30,SKD,Skunk Dogs,L. Gurriel Jr.,666971,OF,0,17,7,30,2,26,101,0.257,0,0,0,0,0.0,0,0.0,0.0
P6,Aug 31,2025-08-03,2025-08-30,RGS,RGing Sluggers,B. Nimmo,607043,OF,0,14,3,14,0,22,79,0.278,0,0,0,0,0.0,0,0.0,0.0
P6,Aug 31,2025-08-03,2025-08-30,DVD,Devil Dawgs,H. Ramos,671218,OF,0,11,2,7,0,24,93,0.258,0,0,0,0,0.0,0,0.0,0.0
P6,Aug 31,2025-08-03,2025-08-30,TSH,The Show,J Profar,595777,OF,0,27,9,26,6,31,99,0.313,0,0,0,0,0.0,0,0.0,0.0
P6,Aug 31,2025-08-03,2025-08-30,DMK,Diamond Kings,J. Sanchez,660821,OF,0,11,2,6,0,19,75,0.253,0,0,0,0,0.0,0,0.0,0.0
P6,Aug 31,2025-08-03,2025-08-30,DLC,Demolition Lumber Co.,G. Mitchell,669003,OF,0,0,0,0,0,0,0,0.0,0,0,0,0,0.0,0,0.0,0.0
P6,Aug 31,2025-08-03,2025-08-30,SKD,Skunk Dogs,T. Friedl,670770,OF,0,7,0,5,1,20,90,0.222,0,0,0,0,0.0,0,0.0,0.0
P6,Aug 31,2025-08-03,2025-08-30,RGS,RGing Sluggers,J. McNeil,643446,OF,0,12,3,14,0,23,86,0.267,0,0,0,0,0.0,0,0.0,0.0
P6,Aug 31,2025-08-03,2025-08-30,LDY,Los Doyers,A. Burleson,676475,OF,0,9,2,11,1,26,89,0.292,0,0,0,0,0.0,0,0.0,0.0
P6,Aug 31,2025-08-03,2025-08-30,TSH,The Show,J. McCarthy,664983,OF,0,7,1,3,3,13,44,0.295,0,0,0,0,0.0,0,0.0,0.0
P6,Aug 31,2025-08-03,2025-08-30,DMK,Diamond Kings,I. Herrera,671056,C,0,9,2,10,3,22,90,0.244,0,0,0,0,0.0,0,0.0,0.0
P6,Aug 31,2025-08-03,2025-08-30,DLC,Demolition Lumber Co.,P. Bailey,672275,C,0,6,0,9,0,15,70,0.214,0,0,0,0,0.0,0,0.0,0.0
P6,Aug 31,2025-08-03,2025-08-30,DDG,Dodger Dawgs,K. Ruiz,660688,C,0,0,0,0,0,0,0,0.0,0,0,0,0,0.0,0,0.0,0.0
P6,Aug 31,2025-08-03,2025-08-30,SKD,Skunk Dogs,D. Baldwin,686948,C,0,14,3,19,0,19,72,0.264,0,0,0,0,0.0,0,0.0,0.0
P6,Aug 31,2025-08-03,2025-08-30,LDY,Los Doyers,W. Smith,669257,C,0,7,2,9,0,9,65,0.138,0,0,0,0,0.0,0,0.0,0.0
P6,Aug 31,2025-08-03,2025-08-30,DMK,Diamond Kings,T. Stephenson,663886,C,0,2,1,2,0,3,25,0.12,0,0,0,0,0.0,0,0.0,0.0
P6,Aug 31,2025-08-03,2025-08-30,DLC,Demolition Lumber Co.,D. Rushing,687221,C,0,3,2,10,0,5,28,0.179,0,0,0,0,0.0,0,0.0,0.0
P6,Aug 31,2025-08-03,2025-08-30,DDG,Dodger Dawgs,F. Alvarez,682626,C,0,7,3,11,0,13,37,0.351,0,0,0,0,0.0,0,0.0,0.0
P6,Aug 31,2025-08-03,2025-08-30,SKD,Skunk Dogs,H. Goodman,696100,C,0,11,6,15,0,21,81,0.259,0,0,0,0,0.0,0,0.0,0.0
P6,Aug 31,2025-08-03,2025-08-30,DVD,Devil Dawgs,G. Moreno,672515,C,0,5,2,9,0,9,28,0.321,0,0,0,0,0.0,0,0.0,0.0
P6,Aug 31,2025-08-03,2025-08-30,LDY,Los Doyers,S. Murphy,669221,C,0,5,0,3,0,4,45,0.089,0,0,0,0,0.0,0,0.0,0.0
P6,Aug 31,2025-08-03,2025-08-30,SKD,Skunk Dogs,K. Hayes,663647,CM,0,10,2,4,2,18,75,0.24,0,0,0,0,0.0,0,0.0,0.0
P6,Aug 31,2025-08-03,2025-08-30,RGS,RGing Sluggers,C. Norby,681393,CM,0,3,0,3,0,3,7,0.429,0,0,0,0,0.0,0,0.0,0.0
P6,Aug 31,2025-08-03,2025-08-30,DVD,Devil Dawgs,M. Vientos,668901,CM,0,14,8,22,0,21,74,0.284,0,0,0,0,0.0,0,0.0,0.0
P6,Aug 31,2025-08-03,2025-08-30,LDY,Los Doyers,M. Shaw,807713,CM,0,11,5,10,1,16,64,0.25,0,0,0,0,0.0,0,0.0,0.0
P6,Aug 31,2025-08-03,2025-08-30,TSH,The Show,B. Harper,547180,CM,0,12,6,16,1,28,104,0.269,0,0,0,0,0.0,0,0.0,0.0
P6,Aug 31,2025-08-03,2025-08-30,DMK,Diamond Kings,W. Adames,642715,MI,0,17,8,12,4,19,92,0.207,0,0,0,0,0.0,0,0.0,0.0
P6,Aug 31,2025-08-03,2025-08-30,DLC,Demolition Lumber Co.,L. Acuna,682668,MI,0,0,0,0,0,0,0,0.0,0,0,0,0,0.0,0,0.0,0.0
P6,Aug 31,2025-08-03,2025-08-30,DDG,Dodger Dawgs,CJ. Abrams,682928,MI,0,11,3,11,2,24,100,0.24,0,0,0,0,0.0,0,0.0,0.0
P6,Aug 31,2025-08-03,2025-08-30,SKD,Skunk Dogs,X. Edwards,669364,MI,0,17,1,6,7,29,115,0.252,0,0,0,0,0.0,0,0.0,0.0
P6,Aug 31,2025-08-03,2025-08-30,RGS,RGing Sluggers,E. Tovar,678662,MI,0,11,2,6,1,24,94,0.255,0,0,0,0,0.0,0,0.0,0.0
P6,Aug 31,2025-08-03,2025-08-30,DVD,Devil Dawgs,G. Perdomo,621121,MI,0,0,0,0,0,0,0,0.0,0,0,0,0,0.0,0,0.0,0.0
P6,Aug 31,2025-08-03,2025-08-30,LDY,Los Doyers,M. Winn,691026,MI,0,10,2,9,3,17,93,0.183,0,0,0,0,0.0,0,0.0,0.0
P6,Aug 31,2025-08-03,2025-08-30,TSH,The Show,B. Turang,668930,MI,0,21,9,22,3,32,98,0.327,0,0,0,0,0.0,0,0.0,0.0
P6,Aug 31,2025-08-03,2025-08-30,DLC,Demolition Lumber Co.,S. Ohtani,660271,DH,0,22,7,12,4,26,86,0.302,0,0,0,0,0.0,0,0.0,0.0
P6,Aug 31,2025-08-03,2025-08-30,DDG,Dodger Dawgs,C. Yelich,592885,DH,0,22,6,20,0,30,96,0.312,0,0,0,0,0.0,0,0.0,0.0
P6,Aug 31,2025-08-03,2025-08-30,SKD,Skunk Dogs,K. Marte,606466,DH,0,17,2,16,2,26,89,0.292,0,0,0,0,0.0,0,0.0,0.0
P6,Aug 31,2025-08-03,2025-08-30,DMK,Diamond Kings,T. Glasnow,607192,P,1,0,0,0,0,0,0,0.0,0,0,32,11,28.67,30,3.45,1.05
P6,Aug 31,2025-08-03,2025-08-30,DLC,Demolition Lumber Co.,P. Skenes,694973,P,1,0,0,0,0,0,0,0.0,3,0,33,7,29.0,32,2.17,1.1
P6,Aug 31,2025-08-03,2025-08-30,DDG,Dodger Dawgs,C. Burnes,669203,P,1,0,0,0,0,0,0,0.0,0,0,0,0,0.0,0,0.0,0.0
P6,Aug 31,2025-08-03,2025-08-30,SKD,Skunk Dogs,C. Sale,519242,P,1,0,0,0,0,0,0,0.0,0,0,9,1,6.0,4,1.5,0.67
P6,Aug 31,2025-08-03,2025-08-30,RGS,RGing Sluggers,Y. Yamamoto,808967,P,1,0,0,0,0,0,0,0.0,2,0,24,11,23.33,28,4.24,1.2
P6,Aug 31,2025-08-03,2025-08-30,DVD,Devil Dawgs,J. Steele,657006,P,1,0,0,0,0,0,0,0.0,0,0,0,0,0.0,0,0.0,0.0
P6,Aug 31,2025-08-03,2025-08-30,LDY,Los Doyers,S. Alcantara,645261,P,1,0,0,0,0,0,0,0.0,1,0,32,15,32.0,35,4.22,1.09
P6,Aug 31,2025-08-03,2025-08-30,TSH,The Show,B. Snell,605483,P,1,0,0,0,0,0,0,0.0,2,0,26,5,23.33,28,1.93,1.2
P6,Aug 31,2025-08-03,2025-08-30,DMK,Diamond Kings,R. Sasaki,808963,P,1,0,0,0,0,0,0,0.0,0,0,0,0,0.0,0,0.0,0.0
P6,Aug 31,2025-08-03,2025-08-30,DLC,Demolition Lumber Co.,Z. Wheeler,554430,P,1,0,0,0,0,0,0,0.0,1,0,13,4,10.0,12,3.6,1.2
P6,Aug 31,2025-08-03,2025-08-30,DDG,Dodger Dawgs,S. Strider,675911,P,1,0,0,0,0,0,0,0.0,0,0,13,21,18.67,38,10.12,2.04
P6,Aug 31,2025-08-03,2025-08-30,SKD,Skunk Dogs,S. Ohtani,660271,P,1,22,7,12,4,26,86,0.302,1,0,27,11,17.33,20,5.71,1.15
P6,Aug 31,2025-08-03,2025-08-30,RGS,RGing Sluggers,L. Webb,657277,P,1,0,0,0,0,0,0,0.0,3,0,32,9,32.33,33,2.51,1.02
P6,Aug 31,2025-08-03,2025-08-30,DVD,Devil Dawgs,H. Greene,668881,P,1,0,0,0,0,0,0,0.0,1,0,21,6,17.33,17,3.12,0.98
P6,Aug 31,2025-08-03,2025-08-30,LDY,Los Doyers,K. Senga,673540,P,1,0,0,0,0,0,0,0.0,0,0,17,10,19.0,28,4.74,1.47
P6,Aug 31,2025-08-03,2025-08-30,DMK,Diamond Kings,Y. Darvish,506433,P,1,0,0,0,0,0,0,0.0,2,0,24,13,24.0,21,4.88,0.88
P6,Aug 31,2025-08-03,2025-08-30,DDG,Dodger Dawgs,S. Schwellenbach,680885,P,1,0,0,0,0,0,0,0.0,0,0,0,0,0.0,0,0.0,0.0
P6,Aug 31,2025-08-03,2025-08-30,SKD,Skunk Dogs,A. Nola,605400,P,1,0,0,0,0,0,0,0.0,2,0,14,12,14.33,21,7.53,1.47
P6,Aug 31,2025-08-03,2025-08-30,RGS,RGing Sluggers,S. Imanaga,684007,P,1,0,0,0,0,0,0,0.0,0,0,32,10,34.0,23,2.65,0.68
P6,Aug 31,2025-08-03,2025-08-30,DVD,Devil Dawgs,M. Kelly,547184,P,1,0,0,0,0,0,0,0.0,2,0,9,8,11.0,20,6.55,1.82
P6,Aug 31,2025-08-03,2025-08-30,LDY,Los Doyers,R. Ray,592662,P,1,0,0,0,0,0,0,0.0,1,0,23,15,28.0,39,4.82,1.39
P6,Aug 31,2025-08-03,2025-08-30,TSH,The Show,N. Lodolo,666157,P,1,0,0,0,0,0,0,0.0,0,0,7,4,6.33,6,5.68,0.95
P6,Aug 31,2025-08-03,2025-08-30,DMK,Diamond Kings,M. Keller,656605,P,1,0,0,0,0,0,0,0.0,2,0,25,21,24.0,41,7.88,1.71
P6,Aug 31,2025-08-03,2025-08-30,DLC,Demolition Lumber Co.,I. Anderson,681982,P,1,0,0,0,0,0,0,0.0,0,0,6,0,8.67,14,0.0,1.62
P6,Aug 31,2025-08-03,2025-08-30,DDG,Dodger Dawgs,F. Peralta,642547,P,1,0,0,0,0,0,0,0.0,4,0,34,1,28.0,23,0.32,0.82
P6,Aug 31,2025-08-03,2025-08-30,SKD,Skunk Dogs,B. Pfaadt,694297,P,1,0,0,0,0,0,0,0.0,2,0,19,17,26.33,44,5.81,1.67
P6,Aug 31,2025-08-03,2025-08-30,RGS,RGing Sluggers,A. Abbott,671096,P,1,0,0,0,0,0,0,0.0,0,0,29,15,30.33,34,4.45,1.12
P6,Aug 31,2025-08-03,2025-08-30,DVD,Devil Dawgs,S. Gray,543243,P,1,0,0,0,0,0,0,0.0,2,0,35,12,31.0,32,3.48,1.03
P6,Aug 31,2025-08-03,2025-08-30,LDY,Los Doyers,N. Pivetta,601713,P,1,0,0,0,0,0,0,0.0,2,0,31,11,29.67,28,3.34,0.94
P6,Aug 31,2025-08-03,2025-08-30,DMK,Diamond Kings,Ra. Suarez,660761,P,1,0,0,0,0,0,0,0.0,0,0,0,0,0.0,0,0.0,0.0
P6,Aug 31,2025-08-03,2025-08-30,SKD,Skunk Dogs,C. Sanchez,650911,P,1,0,0,0,0,0,0,0.0,2,0,42,13,38.67,47,3.03,1.22
P6,Aug 31,2025-08-03,2025-08-30,RGS,RGing Sluggers,B. Singer,663903,P,1,0,0,0,0,0,0,0.0,2,0,21,6,21.67,24,2.49,1.11
P6,Aug 31,2025-08-03,2025-08-30,DVD,Devil Dawgs,D. Peterson,656849,P,1,0,0,0,0,0,0,0.0,1,0,31,21,25.0,42,7.56,1.68
P6,Aug 31,2025-08-03,2025-08-30,TSH,The Show,J. Taillon,592791,P,1,0,0,0,0,0,0,0.0,2,0,7,2,11.0,9,1.64,0.82
P6,Aug 31,2025-08-03,2025-08-30,DLC,Demolition Lumber Co.,T. Myers,668964,P,1,0,0,0,0,0,0,0.0,0,0,11,6,14.33,18,3.77,1.26
P6,Aug 31,2025-08-03,2025-08-30,DDG,Dodger Dawgs,M. Gore,669022,P,1,0,0,0,0,0,0,0.0,1,0,25,16,24.33,38,5.92,1.56
P6,Aug 31,2025-08-03,2025-08-30,SKD,Skunk Dogs,J. Luzardo,666200,P,1,0,0,0,0,0,0,0.0,3,0,35,12,28.0,31,3.86,1.11
P6,Aug 31,2025-08-03,2025-08-30,DVD,Devil Dawgs,R. Lopez,625643,P,1,0,0,0,0,0,0,0.0,0,0,0,0,0.0,0,0.0,0.0
P6,Aug 31,2025-08-03,2025-08-30,TSH,The Show,C. Holmes,605280,P,1,0,0,0,0,0,0,0.0,2,0,20,12,25.0,32,4.32,1.28
P6,Aug 31,2025-08-03,2025-08-30,DLC,Demolition Lumber Co.,A.J. Puk,640462,P,1,0,0,0,0,0,0,0.0,0,0,0,0,0.0,0,0.0,0.0
P6,Aug 31,2025-08-03,2025-08-30,DDG,Dodger Dawgs,C. Doval,666808,P,1,0,0,0,0,0,0,0.0,0,1,13,5,11.0,17,4.09,1.55
P6,Aug 31,2025-08-03,2025-08-30,SKD,Skunk Dogs,D. Bednar,670280,P,1,0,0,0,0,0,0,0.0,3,3,18,2,11.67,9,1.54,0.77
P6,Aug 31,2025-08-03,2025-08-30,DVD,Devil Dawgs,G. Holmes,656550,P,1,0,0,0,0,0,0,0.0,0,0,0,0,0.0,0,0.0,0.0
P6,Aug 31,2025-08-03,2025-08-30,TSH,The Show,N. Cortes,666126,P,1,1,0,2,0,7,25,0.28,0,0,0,0,0.0,0,0.0,0.0
P6,Aug 31,2025-08-03,2025-08-30,DDG,Dodger Dawgs,Ro. Suarez,660761,P,1,0,0,0,0,0,0,0.0,0,0,0,0,0.0,0,0.0,0.0
P6,Aug 31,2025-08-03,2025-08-30,RGS,RGing Sluggers,K. Harrison,690986,P,1,0,0,0,0,0,0,0.0,0,0,0,0,0.0,0,0.0,0.0
P6,Aug 31,2025-08-03,2025-08-30,DVD,Devil Dawgs,J. Martinez,679885,P,1,0,0,0,0,0,0,0.0,0,0,0,0,0.0,0,0.0,0.0
P6,Aug 31,2025-08-03,2025-08-30,DMK,Diamond Kings,T. Scott,656945,P,1,0,0,0,0,0,0,0.0,0,1,0,0,2.0,1,0.0,0.5
P6,Aug 31,2025-08-03,2025-08-30,DDG,Dodger Dawgs,R. Helsley,664854,P,1,0,0,0,0,0,0,0.0,0,0,8,10,8.67,19,10.38,2.19
P6,Aug 31,2025-08-03,2025-08-30,RGS,RGing Sluggers,C. Faucher,676534,P,1,0,0,0,0,0,0,0.0,1,2,8,2,10.33,10,1.74,0.97
P6,Aug 31,2025-08-03,2025-08-30,DVD,Devil Dawgs,R. Walker,676254,P,1,0,0,0,0,0,0,0.0,2,2,10,1,8.67,10,1.04,1.15
P6,Aug 31,2025-08-03,2025-08-30,LDY,Los Doyers,T. Kinley,663855,P,1,0,0,0,0,0,0,0.0,1,0,7,9,10.0,18,8.1,1.8
P6,Aug 31,2025-08-03,2025-08-30,TSH,The Show,R. Iglesias,628452,P,1,0,0,0,0,0,0,0.0,0,8,10,1,11.0,6,0.82,0.55
