#,Name,Team,Pos,$
1,Shohei Ohtani,LAD,DH,$44
2,Juan Soto,NYM,OF,$39
3,Ronald Acuna Jr.,ATL,OF,$35
4,Elly De La Cruz,CIN,SS,$35
5,Fernando Tatis Jr.,SD,OF,$33
6,Kyle Tucker,LAD,OF,$31
7,Corbin Carroll,ARI,OF,$30
8,Jackson Chourio,MIL,OF,$30
9,Paul Skenes,PIT,SP,$29
10,James Wood,WSH,OF,$28
11,Pete Crow-Armstrong,CHC,OF,$28
12,Trea Turner,PHI,SS,$27
13,Ketel Marte,ARI,2B,$27
14,Manny Machado,SD,3B,$27
15,Kyle Schwarber,PHI,DH,$26
16,Bryce Harper,PHI,1B,$26
17,Francisco Lindor,NYM,SS,$26
18,Eugenio Suarez,CIN,3B,$25
19,Mookie Betts,LAD,SS,$25
20,Matt Olson,ATL,1B,$25
21,Freddie Freeman,LAD,1B,$25
22,CJ Abrams,WSH,SS,$24
23,Agustin Ramirez,MIA,C,$24
24,William Contreras,MIL,C,$24
25,Jackson Merrill,SD,OF,$23
26,Cristopher Sanchez,PHI,SP,$23
27,Chris Sale,ATL,SP,$22
28,Edwin Diaz,LAD,RP,$22
29,Rafael Devers,SF,1B,$22
30,Austin Riley,ATL,3B,$22
31,Bo Bichette,NYM,SS,$22
32,Michael Harris II,ATL,OF,$21
33,Hunter Goodman,COL,C,$21
34,Logan Webb,SF,SP,$21
35,Jesus Luzardo,PHI,SP,$21
36,Yoshinobu Yamamoto,LAD,SP,$20
37,Teoscar Hernandez,LAD,OF,$20
38,Seiya Suzuki,CHC,OF,$20
39,Brice Turang,MIL,2B,$20
40,Andy Pages,LAD,OF,$20
41,Geraldo Perdomo,ARI,SS,$20
42,Hunter Greene,CIN,SP,$19
43,Freddy Peralta,NYM,SP,$19
44,Mason Miller,SD,RP,$19
45,Oneil Cruz,PIT,OF,$19
46,Will Smith,LAD,C,$18
47,Spencer Strider,ATL,SP,$18
48,Noelvi Marte,CIN,3B/OF,$18
49,Alex Bregman,CHC,3B,$18
50,Alec Burleson,STL,1B/OF,$18
51,Nick Pivetta,SD,SP,$18
52,Jhoan Duran,PHI,RP,$18
53,Michael Busch,CHC,1B,$18
54,Blake Snell,LAD,SP,$17
55,Willy Adames,SF,SS,$17
56,Michael King,SD,SP,$17
57,Drake Baldwin,ATL,C,$17
58,Zack Wheeler,PHI,SP,$17
59,Shota Imanaga,CHC,SP,$16
60,Ezequiel Tovar,COL,SS,$16
61,Tyler Glasnow,LAD,SP,$16
62,Luis Arraez,SF,1B,$16
63,Ian Happ,CHC,OF,$16
64,Bryan Reynolds,PIT,OF,$16
65,Brandon Woodruff,MIL,SP,$16
66,Adolis Garcia,PHI,OF,$16
67,Luis Robert Jr.,NYM,OF,$16
68,Daylen Lile,WSH,OF,$16
69,Dylan Crews,WSH,OF,$15
70,Masyn Winn,STL,SS,$15
71,Ozzie Albies,ATL,2B,$15
72,Christian Yelich,MIL,DH,$15
73,Xavier Edwards,MIA,2B/SS,$15
74,Nico Hoerner,CHC,2B,$15
75,Jurickson Profar,ATL,OF,$15
76,Brandon Lowe,PIT,2B,$15
77,Jakob Marsee,MIA,OF,$15
78,Devin Williams,NYM,RP,$14
79,Merrill Kelly,ARI,SP,$14
80,Ryan Walker,SF,RP,$14
81,Eury Perez,MIA,SP,$14
82,Daniel Palencia,CHC,RP,$14
83,Xander Bogaerts,SD,SS,$14
84,David Peterson,NYM,SP,$14
85,Mickey Moniak,COL,OF,$14
86,Otto Lopez,MIA,2B/SS,$14
87,Brenton Doyle,COL,OF,$14
88,Matt Chapman,SF,3B,$14
89,Kyle Stowers,MIA,OF,$14
90,Dansby Swanson,CHC,SS,$13
91,Nick Lodolo,CIN,SP,$13
92,Sean Manaea,NYM,SP,$13
93,Luis Garcia Jr.,WSH,2B,$13
94,Marcell Ozuna,PIT,DH,$13
95,Aaron Nola,PHI,SP,$13
96,Emmet Sheehan,LAD,SP,$13
97,Alec Bohm,PHI,3B,$13
98,Bryson Stott,PHI,2B,$12
99,Heliot Ramos,SF,OF,$12
100,Robbie Ray,SF,SP,$12
101,Nolan McLean,NYM,SP,$12
102,Chase Burns,CIN,SP,$12
103,Gabriel Moreno,ARI,C,$12
104,Brandon Pfaadt,ARI,SP,$12
105,Mark Vientos,NYM,3B,$12
106,Francisco Alvarez,NYM,C,$12
107,Ryan O’Hearn,PIT,1B/OF,$12
108,Lars Nootbaar,STL,OF,$12
109,Marcus Semien,NYM,2B,$11
110,Joe Musgrove,SD,SP,$11
111,Ivan Herrera,STL,DH,$11
112,Ramon Laureano,SD,OF,$11
113,Sal Frelick,MIL,OF,$11
114,Jameson Taillon,CHC,SP,$11
115,Jorge Polanco,NYM,2B,$11
116,Raisel Iglesias,ATL,RP,$11
117,Emilio Pagan,CIN,RP,$11
118,J.T. Realmuto,PHI,C,$11
119,Pete Fairbanks,MIA,RP,$11
120,Zac Gallen,ARI,SP,$11
121,Dennis Santana,PIT,RP,$11
122,Jung Hoo Lee,SF,OF,$11
123,Brady Singer,CIN,SP,$10
124,Mitch Keller,PIT,SP,$10
125,TJ Friedl,CIN,OF,$10
126,Matthew Boyd,CHC,SP,$10
127,Andrew Abbott,CIN,SP,$10
128,Sal Stewart,CIN,1B,$10
129,Andrew Vaughn,MIL,1B,$10
130,Willi Castro,COL,2B/3B/ OF,$10
131,Matt McLain,CIN,2B,$10
132,Sandy Alcantara,MIA,SP,$9
133,Edward Cabrera,CHC,SP,$9
134,Nolan Arenado,ARI,3B,$9
135,Nolan Gorman,STL,2B/3B,$9
136,Jordan Beck,COL,OF,$9
137,Shohei Ohtani,LAD,SP,$9
138,Trevor Megill,MIL,RP,$8
139,Zack Littell,FA,SP,$8
140,Robert Suarez,ATL,RP,$8
141,Abner Uribe,MIL,RP,$8
142,Clay Holmes,NYM,SP,$7
143,Ryne Nelson,ARI,SP,$7
144,Riley O’Brien,STL,RP,$7
145,Victor Vodnik,COL,RP,$7
146,Jake Cronenworth,SD,2B,$7
147,Jacob Misiorowski,MIL,SP,$7
148,Tyler Stephenson,CIN,C,$6
149,Reynaldo Lopez,ATL,SP,$6
150,Max Muncy,LAD,3B,$6
151,Joey Ortiz,MIL,SS,$6
152,Victor Scott II,STL,OF,$6
153,Justin Crawford,PHI,OF,$6
154,Keibert Ruiz,WSH,C,$6
155,Michael McGreevy,STL,SP,$5
156,Brett Baty,NYM,2B/3B,$5
157,Max Scherzer,FA,SP,$5
158,Alek Thomas,ARI,OF,$5
159,Connor Norby,MIA,3B,$5
160,Quinn Priester,MIL,SP,$5
161,Jordan Walker,STL,OF,$5
162,Carson Kelly,CHC,C,$5
163,Jake McCarthy,COL,OF,$5
164,Brandon Marsh,PHI,OF,$5
165,Harrison Bader,SF,OF,$4
166,Ke’Bryan Hayes,CIN,3B,$4
167,Tyler Mahle,SF,SP,$4
168,Gavin Sheets,SD,OF,$4
169,Spencer Steer,CIN,1B,$4
170,Michael Soroka,ARI,SP,$4
171,Braxton Garrett,MIA,SP,$4
172,Mike Yastrzemski,ATL,OF,$4
173,Freddy Fermin,SD,C,$4
174,Roki Sasaki,LAD,SP,$4
175,Cade Horton,CHC,SP,$4
176,JP Sears,SD,SP,$4
177,Cade Cavalli,WSH,SP,$4
178,Spencer Horwitz,PIT,1B,$4
179,Hurston Waldrep,ATL,SP,$4
180,Logan Henderson,MIL,SP,$4
181,Lucas Giolito,FA,SP,$3
182,Pavin Smith,ARI,1B,$3
183,Cole Henry,WSH,RP,$3
184,Patrick Bailey,SF,C,$3
185,Bubba Chandler,PIT,SP,$3
186,Eduardo Rodriguez,ARI,SP,$3
187,Seth Halvorsen,COL,RP,$3
188,J.J. Wetherholt,STL,SS,$3
189,Matt Shaw,CHC,3B,$3
190,Kodai Senga,NYM,SP,$3
191,Owen Caissie,MIA,OF,$3
192,Griffin Canning,SD,SP,$3
193,Nasim Nunez,WSH,SS,$3
194,Jared Triolo,PIT,1B/SS/ 3B,$3
195,Pedro Pages,STL,C,$3
196,Chad Patrick,MIL,SP,$3
197,Tommy Edman,LAD,2B/OF,$2
198,Tyler Anderson,FA,SP,$2
199,Kevin Ginkel,ARI,RP,$2
200,Foster Griffin,WSH,SP,$2
201,Andre Pallante,STL,SP,$2
202,Kyle Freeland,COL,SP,$2
203,Tyler Freeman,COL,OF,$2
204,Max Meyer,MIA,SP,$2
205,Brady House,WSH,3B,$2
206,Luis Rengifo,MIL,2B/3B,$2
207,Miles Mikolas,WSH,SP,$2
208,Mauricio Dubon,ATL,2B/SS/ 3B/OF,$1
209,Dustin May,STL,SP,$1
210,Rhys Hoskins,FA,1B,$1
211,Carlos Santana,ARI,1B,$1
212,Joey Bart,PIT,C,$1
213,Harry Ford,WSH,C,$1
214,Matthew Liberatore,STL,SP,$1
215,Tanner Scott,LAD,RP,$1
216,Patrick Corbin,FA,SP,$1
217,Hunter Harvey,CHC,RP,$1
218,Landen Roupp,SF,SP,$1
219,Jake Irvin,WSH,SP,$1
220,Jordan Lawlar,ARI,3B,$0
221,Miguel Amaya,CHC,C,$0
222,Calvin Faucher,MIA,RP,$0
223,JoJo Romero,STL,RP,$0
224,Justin Martinez,ARI,RP,$0
225,German Marquez,SD,SP,$0
226,Tommy Pham,FA,OF,$0
227,Ryan Thompson,ARI,RP,$0
228,JJ Bleday,CIN,OF,$0
229,Miguel Andujar,SD,3B/OF,$0
230,Christopher Morel,MIA,OF,$0
231,Edouard Julien,COL,1B/2B,$0
232,Sean Murphy,ATL,C,$0
233,Braxton Ashcraft,PIT,SP,$0
234,Yilber Diaz,ARI,RP,$0
235,Joe Mack,MIA,C,-$1
236,Luke Weaver,NYM,RP,-$1
237,Yohel Pozo,STL,C,-$1
238,Rowdy Tellez,FA,1B,-$1
239,Carson Benge,NYM,OF,-$1
240,Justin Steele,CHC,SP,-$1
241,Chris Paddack,MIA,SP,-$1
242,Phil Maton,CHC,RP,-$1
243,Ty France,FA,1B,-$1
244,Hunter Barco,PIT,SP,-$1
245,Dalton Rushing,LAD,C,-$1
246,Nick Gonzales,PIT,2B,-$1
247,Bryce Elder,ATL,SP,-$1
248,Jose Trevino,CIN,C,-$1
249,A.J. Puk,ARI,RP,-$1
250,Henry Davis,PIT,C,-$1
251,Konnor Griffin,PIT,SS,-$1
252,Jared Jones,PIT,SP,-$2
253,Michael Lorenzen,COL,SP,-$2
254,Nick Castellanos,SD,OF,-$2
255,Mitch Garver,FA,C,-$2
256,Grant Holmes,ATL,SP,-$2
257,Jacob Young,WSH,OF,-$2
258,Adrian Houser,SF,SP,-$2
259,Luis Torrens,NYM,C,-$2
260,Garrett Mitchell,MIL,OF,-$2
261,Spencer Schwellenbach,ATL,SP,-$2
262,Heriberto Hernandez,MIA,OF,-$2
263,Jake Bauers,MIL,1B/OF,-$2
264,Walker Buehler,FA,SP,-$2
265,Jeremiah Estrada,SD,RP,-$2
266,Robert Gasser,MIL,SP,-$2
267,Liam Hicks,MIA,C/1B,-$2
268,Ben Brown,CHC,RP,-$2
269,Alex Vesia,LAD,RP,-$2
270,Braxton Fulford,COL,C,-$3
271,Gary Sanchez,MIL,C,-$3
272,Marcus Stroman,FA,SP,-$3
273,Dylan Lee,ATL,RP,-$3
274,Brad Lord,WSH,SP,-$3
275,Bryce Eldridge,SF,DH,-$3
276,Charlie Morton,FA,SP,-$3
277,Jose Alvarado,PHI,RP,-$3
278,Julian Fernandez,WSH,RP,-$3
279,Griffin Conine,MIA,OF,-$3
280,Adrian Morejon,SD,RP,-$3
281,Orion Kerkering,PHI,RP,-$3
282,Kyle Harrison,MIL,RP,-$3
283,Blake Treinen,LAD,RP,-$3
284,Pierce Johnson,CIN,RP,-$3
285,Caleb Thielbar,CHC,RP,-$3
286,Tanner Banks,PHI,RP,-$3
287,Jared Koenig,MIL,RP,-$3
288,Tobias Myers,NYM,RP,-$3
289,Clayton Beeter,WSH,RP,-$3
290,A.J. Minter,NYM,RP,-$3
291,Adbert Alzolay,NYM,RP,-$3
292,Tyler Kinley,ATL,RP,-$3
293,Gregory Soto,PIT,RP,-$3
294,Sam Hentges,SF,RP,-$3
295,Tony Santillan,CIN,RP,-$3
296,Taylor Clarke,ARI,RP,-$3
297,Erik Miller,SF,RP,-$3
298,DL Hall,MIL,RP,-$3
299,Carmen Mlodzinski,PIT,SP,-$3
300,Andrew Nardi,MIA,RP,-$3
301,Drey Jameson,ARI,RP,-$3
302,Graham Pauley,MIA,3B,-$3
303,Justin Wilson,FA,RP,-$3
304,Brooks Raley,NYM,RP,-$3
305,Aaron Bummer,ATL,RP,-$3
306,Janson Junk,MIA,SP,-$3
307,Aaron Ashby,MIL,RP,-$3
308,Jonathan Bowlan,PHI,RP,-$3
309,Connor Phillips,CIN,RP,-$3
310,Paul Sewald,ARI,RP,-$3
311,Jalen Beeks,FA,RP,-$3
312,Brock Burke,CIN,RP,-$3
313,Justin Lawrence,PIT,RP,-$3
314,Angel Zerpa,MIL,RP,-$3
315,Yuki Matsui,SD,RP,-$3
316,Jose Butto,SF,RP,-$3
317,Ryan Fernandez,STL,RP,-$3
318,Grant Anderson,MIL,RP,-$3
319,Mason Montgomery,PIT,RP,-$3
320,Troy Johnston,COL,OF,-$3
321,Porter Hodge,CHC,RP,-$3
322,David Morgan,SD,RP,-$3
323,Jordan Wicks,CHC,RP,-$3
324,Jose Leclerc,FA,RP,-$3
325,Chad Green,FA,RP,-$3
326,Ryne Stanek,STL,RP,-$3
327,Jason Adam,SD,RP,-$3
328,Joel Payamps,ATL,RP,-$3
329,Huascar Brazoban,NYM,RP,-$3
330,Ian Hamilton,ATL,RP,-$3
331,Brad Keller,PHI,RP,-$3
332,Brusdar Graterol,LAD,RP,-$3
333,David Hamilton,MIL,2B,-$3
334,Graham Ashcraft,CIN,RP,-$3
335,Anthony Bender,MIA,RP,-$3
336,Yohan Ramirez,PIT,RP,-$3
337,Ben Casparius,LAD,RP,-$3
338,Isaac Mattson,PIT,RP,-$3
339,Jaden Hill,COL,RP,-$3
340,Randy Vasquez,SD,SP,-$3
341,Kyle Leahy,STL,SP,-$3
342,Dylan Dodd,ATL,RP,-$3
343,Kyle Nicolas,PIT,RP,-$3
344,Matt Svanson,STL,RP,-$3
345,Luis Garcia,NYM,RP,-$3
346,Tommy Kahnle,FA,RP,-$3
347,Danny Coulombe,FA,RP,-$3
348,Wandy Peralta,SD,RP,-$3
349,Rob Zastryzny,MIL,RP,-$3
350,Hoby Milner,CHC,RP,-$3
351,Drew Smith,FA,RP,-$3
352,Jimmy Herget,COL,RP,-$3
353,Jonathan Loaisiga,ARI,RP,-$3
354,Michael Kopech,FA,RP,-$3
355,Caleb Ferguson,CIN,RP,-$3
356,Richard Lovelady,WSH,RP,-$3
357,JT Brubaker,SF,RP,-$3
358,Dauri Moreta,FA,RP,-$3
359,Lake Bachar,MIA,RP,-$3
360,Jackson Rutledge,WSH,RP,-$3
361,PJ Poulin,WSH,RP,-$3
362,Ron Marinaccio,SD,RP,-$3
363,Keaton Winn,SF,RP,-$3
364,Daysbel Hernandez,ATL,RP,-$3
365,Justin Wrobleski,LAD,RP,-$3
366,Brandon Williamson,CIN,RP,-$3
367,Ryan Gusto,MIA,RP,-$3
368,Josh White,MIA,RP,-$3
369,Will Klein,LAD,RP,-$3
370,James McCann,ARI,C,-$3
371,Sam Moll,CIN,RP,-$3
372,Brock Stewart,LAD,RP,-$3
373,Jacob Webb,CHC,RP,-$3
374,Matt Gage,SF,RP,-$3
375,Bryan Hudson,NYM,RP,-$3
376,Justin Hagenman,NYM,RP,-$3
377,Tristan Beck,SF,RP,-$3
378,Juan Mejia,COL,RP,-$3
379,Griff McGarry,WSH,RP,-$3
380,Gus Varland,WSH,RP,-$3
381,Ethan Roberts,CHC,RP,-$3
382,Austin Warren,NYM,RP,-$3
383,Ty Adcock,SD,RP,-$3
384,Paxton Schultz,WSH,RP,-$3
385,Matt Pushard,STL,RP,-$3
386,Richard Fitts,STL,SP,-$3
387,Andrew Hoffmann,ARI,RP,-$3
388,Dylan Ross,NYM,RP,-$3
389,Gordon Graceffo,STL,RP,-$3
390,Spencer Bivens,SF,RP,-$3
391,Luke Jackson,FA,RP,-$4
392,Joe Jimenez,ATL,RP,-$4
393,Michael Conforto,FA,OF,-$4
394,Michael Petersen,MIA,RP,-$4
395,Brennan Bernardino,COL,RP,-$4
396,Jose Suarez,ATL,RP,-$4
397,Tyler Phillips,MIA,RP,-$4
398,Joey Lucchesi,FA,RP,-$4
399,Kade Strowd,ARI,RP,-$4
400,Nick Raquet,STL,RP,-$4
401,Jack Dreyer,LAD,RP,-$4
402,Luke Little,CHC,RP,-$4
403,Evan Sisk,PIT,RP,-$4
404,Edgardo Henriquez,LAD,RP,-$4
405,Zach Maxwell,CIN,RP,-$4
406,DJ Herz,WSH,RP,-$4
407,Blade Tidwell,SF,RP,-$4
408,Andre Granillo,WSH,RP,-$4
409,Hayden Harris,ATL,RP,-$4
410,Brandyn Garcia,ARI,RP,-$4
411,Cade Gibson,MIA,RP,-$4
412,Michael Tonkin,FA,RP,-$4
413,Jorge Lopez,FA,RP,-$4
414,Tyler Austin,CHC,1B,-$4
415,Evan Phillips,LAD,RP,-$4
416,Zach Pop,PHI,RP,-$4
417,Trent Thornton,CHC,RP,-$4
418,Joel Peguero,SF,RP,-$4
419,Jason Foley,SF,RP,-$4
420,Shane Drohan,MIL,RP,-$4
421,Max Lazar,PHI,RP,-$4
422,Justin Bruihl,STL,RP,-$4
423,Garrett Hawkins,SD,RP,-$4
424,Joey Gerber,NYM,RP,-$4
425,Craig Yoho,MIL,RP,-$4
426,Zach McCambley,PHI,RP,-$4
427,Chris Roycroft,STL,RP,-$4
428,Cristian Mena,ARI,RP,-$4
429,Alex Carrillo,NYM,RP,-$4
430,Carson Seymour,SF,RP,-$4
431,Pierson Ohl,COL,RP,-$4
432,Paul Gervase,LAD,RP,-$4
433,Scott McGough,FA,RP,-$4
434,Derek Law,ARI,RP,-$4
435,Kendall Graveman,FA,RP,-$4
436,Rowan Wick,FA,RP,-$4
437,Colin Poche,NYM,RP,-$4
438,Tim Mayza,PHI,RP,-$4
439,Lou Trivino,PHI,RP,-$4
440,Alan Rangel,PHI,RP,-$4
441,Chase Shugart,PHI,RP,-$4
442,Bryan Hoeing,SD,RP,-$4
443,Reiver Sanmartin,SF,RP,-$4
444,George Soriano,STL,RP,-$4
445,Juan Morillo,ARI,RP,-$4
446,Jhony Brito,SD,RP,-$4
447,Easton McGee,MIL,RP,-$4
448,Garrett Acton,MIA,RP,-$4
449,Jake Eder,WSH,RP,-$4
450,Sammy Peralta,MIL,RP,-$4
451,Austin Love,STL,RP,-$4
452,Bobby Miller,LAD,RP,-$4
453,Hunter Stratton,ATL,RP,-$4
454,Kyle Backhus,PHI,RP,-$4
455,Josh Simpson,MIA,RP,-$4
456,Brandon Bidois,PIT,RP,-$4
457,Orlando Ribalta,WSH,RP,-$4
458,William Kempner,MIA,RP,-$4
459,Julian Aguiar,CIN,RP,-$4
460,Zach Agnos,COL,RP,-$4
461,Alek Jacob,SD,RP,-$4
462,Philip Abner,ARI,RP,-$4
463,Carlos Rodriguez,MIL,RP,-$4
464,Chase Petty,CIN,RP,-$4
465,RJ Petit,COL,RP,-$4
466,Bradgley Rodriguez,SD,RP,-$4
467,Brycen Mautz,STL,RP,-$4
468,Scott Alexander,FA,RP,-$4
469,Antonio Senzatela,COL,RP,-$4
470,Miguel Castro,FA,RP,-$4
471,John Brebbia,COL,RP,-$4
472,Tyrone Taylor,NYM,OF,-$4
473,Keegan Thompson,COL,RP,-$4
474,Genesis Cabrera,PHI,RP,-$4
475,Gregory Santos,SF,RP,-$4
476,John King,MIA,RP,-$4
477,Gavin Hollowell,CHC,RP,-$4
478,Daison Acosta,SD,RP,-$4
479,Nolan Hoffman,PHI,RP,-$4
480,Lyon Richardson,CIN,RP,-$4
481,Jack Neely,CHC,RP,-$4
482,Luis Mey,CIN,RP,-$4
483,Jose Franco,CIN,RP,-$4
484,Juan Burgos,ARI,RP,-$4
485,Blake Walston,ARI,RP,-$4
486,Brandon Sproat,MIL,SP,-$4
487,Ryan Harbin,PIT,RP,-$4
488,Ronan Kopp,LAD,RP,-$4
489,Welinton Herrera,COL,RP,-$4
490,Jonathan Pintaro,NYM,RP,-$4
491,Jhancarlos Lara,ATL,RP,-$4
492,Nick Burdi,NYM,RP,-$4
493,Danny Young,ATL,RP,-$4
494,Ryan Rolison,CHC,RP,-$4
495,Jeff Criswell,COL,RP,-$4
496,Cam Sanders,PIT,RP,-$4
497,Luis Peralta,COL,RP,-$4
498,Seth Johnson,PHI,RP,-$4
499,Rolddy Munoz,ATL,RP,-$4
500,Thomas Saggese,STL,2B/SS,-$4
501,Riley Martin,CHC,RP,-$4
502,Mike Tauchman,FA,OF,-$4
503,Trevor Williams,WSH,RP,-$4
504,T.J. McFarland,FA,RP,-$4
505,Scott Blewett,STL,RP,-$4
506,Isaiah Campbell,ARI,RP,-$4
507,Dedniel Nunez,NYM,RP,-$4
508,James Karinchak,ATL,RP,-$4
509,Collin Snider,CHC,RP,-$4
510,Ken Waldichuk,WSH,RP,-$4
511,Jaden Woods,PIT,RP,-$4
512,Josh Ekness,MIA,RP,-$4
513,Francis Pena,SD,RP,-$4
514,Enrique Hernandez,LAD,1B/3B/ OF,-$4
515,Jackson Wolf,SD,RP,-$4
516,Will Childers,MIL,RP,-$4
517,K.C. Hunt,MIL,RP,-$4
518,Dale Stanavich,MIA,RP,-$4
519,Hayden Durke,ARI,RP,-$4
520,Andrew McCutchen,FA,DH,-$4
521,Josiah Gray,WSH,SP,-$4
522,Thairo Estrada,FA,2B,-$4
523,Andrew Painter,PHI,SP,-$4
524,Rafael Marchan,PHI,C,-$4
525,Javier Assad,CHC,SP,-$4
526,Ryan Feltner,COL,SP,-$5
527,Hunter Dobbins,STL,SP,-$5
528,Jose Quintana,COL,SP,-$5
529,Daniel Susac,SF,C,-$5
530,Jake Mangum,PIT,OF,-$5
531,Andrew Alvarez,WSH,SP,-$5
532,Colin Rea,CHC,SP,-$5
533,Jon Gray,FA,SP,-$5
534,Alex Cobb,FA,SP,-$5
535,Johan Rojas,PHI,OF,-$5
536,Jorge Mateo,ATL,2B/SS/ OF,-$5
537,Drew Millas,WSH,C,-$5
538,Christian Vazquez,FA,C,-$5
539,Alex Verdugo,FA,OF,-$5
540,Jose Urquidy,PIT,SP,-$5
541,Chase Dollander,COL,SP,-$5
542,Will Benson,CIN,OF,-$5
543,Taijuan Walker,PHI,SP,-$6
544,Ramon Urias,FA,2B/3B,-$6
545,Christian Scott,NYM,SP,-$6
546,Ryan Ritter,COL,2B/SS,-$6
547,Luis Campusano,SD,DH,-$6
548,Corbin Burnes,ARI,SP,-$6
549,Luis Matos,SF,OF,-$6
550,Moises Ballesteros,CHC,DH,-$6
551,Mitchell Parker,WSH,SP,-$6
552,Jeferson Quero,MIL,C,-$6
553,Dominic Smith,FA,1B,-$6
554,Jonah Heim,ATL,C,-$6
555,Jose Fermin,STL,2B,-$7
556,Robby Snelling,MIA,SP,-$7
557,Adrian Del Castillo,ARI,DH,-$7
558,Adam Frazier,FA,2B/OF,-$7
559,Joey Wentz,ATL,SP,-$7
560,Starling Marte,FA,DH,-$7
561,Kyle Hart,SD,SP,-$7
562,Casey Schmitt,SF,2B/3B,-$7
563,Alex Call,LAD,OF,-$7
564,Javier Sanoja,MIA,2B/3B/ OF,-$7
565,Blake Perkins,MIL,OF,-$7
566,Nathaniel Lowe,CIN,1B,-$7
567,Randal Grichuk,FA,OF,-$7
568,Elias Diaz,FA,C,-$7
569,Tomoyuki Sugano,COL,SP,-$7
570,Sung-Mun Song,SD,3B,-$7
571,Tim Tawa,ARI,1B/2B/ OF,-$7
572,Will Wagner,SD,1B/2B/ 3B,-$7
573,Hayden Birdsong,SF,SP,-$7
574,Riley Adams,WSH,C,-$8
575,Dane Myers,CIN,OF,-$8
576,Jesse Winker,FA,OF,-$8
577,Trevor McDonald,SF,SP,-$8
578,Blaine Crim,COL,1B,-$8
579,Deyvison De Los Santos,MIA,1B,-$8
580,Jonah Tong,NYM,SP,-$8
581,Ildemaro Vargas,ARI,2B,-$8
582,Tom Murphy,FA,C,-$8
583,Drew Gilbert,SF,OF,-$8
584,Rhett Lowder,CIN,SP,-$8
585,Abimelec Ortiz,WSH,1B,-$8
586,Edmundo Sosa,PHI,2B/3B,-$8
587,Kyle Karros,COL,3B,-$8
588,Dylan Moore,PHI,2B/OF,-$8
589,Andres Chaparro,WSH,DH,-$8
590,Wilmer Flores,FA,1B,-$9
591,Chadwick Tromp,ATL,C,-$9
592,Santiago Espinal,FA,2B/3B/ OF,-$9
593,Jhostynxon Garcia,PIT,OF,-$9
594,Jesus Rodriguez,SF,C,-$9
595,Spencer Turnbull,FA,SP,-$9
596,Ronny Mauricio,NYM,3B,-$9
597,Jorge Barrosa,ARI,OF,-$9
598,Reese McGuire,MIL,C,-$9
599,Justin Turner,FA,3B,-$9
600,Luis Urias,FA,2B/3B,-$9
601,Jon Berti,FA,2B,-$9
602,Tanner Gordon,COL,SP,-$9
603,Eli White,ATL,OF,-$9
604,Jimmy Crooks,STL,C,-$9
605,Jett Williams,MIL,SS,-$9
606,Jose Iglesias,FA,SS,-$10
607,Martin Perez,ATL,SP,-$10
608,Miguel Rojas,LAD,2B/SS/ 3B,-$10
609,Tyler Locklear,ARI,1B,-$10
610,Max Kepler,FA,OF,-$10
611,Otto Kemp,PHI,3B,-$10
612,Kohl Drake,ARI,SP,-$10
613,Nathan Church,STL,OF,-$10
614,Chas McCormick,CHC,OF,-$10
615,Hyeseong Kim,LAD,2B,-$10
616,Austin Barnes,NYM,C,-$10
617,Thomas White,MIA,SP,-$10
618,Garrett Stubbs,PHI,C,-$10
619,Ben Rortvedt,LAD,C,-$10
620,Rene Pinto,PHI,C,-$10
621,Kyle McCann,COL,C,-$10
622,Landon Knack,LAD,SP,-$10
623,Kyle Wright,CHC,SP,-$10
624,Rodolfo Duran,SD,C,-$10
625,Tyler Fitzgerald,SF,2B,-$10
626,Jerar Encarnacion,SF,OF,-$10
627,Eric Haase,SF,C,-$11
628,Paul McIntosh,PHI,C,-$11
629,Chuckie Robinson,LAD,C,-$11
630,P.J. Higgins,CIN,C,-$11
631,Eliezer Alfonzo,LAD,C,-$11
632,Blake Hunt,SD,C,-$11
633,Will Banfield,CIN,C,-$11
634,Seby Zavala,LAD,C,-$11
635,Kyle Hurt,LAD,SP,-$11
636,Brett Sullivan,COL,C,-$11
637,Bryce Johnson,SD,OF,-$11
638,River Ryan,LAD,SP,-$11
639,Robert Hassell III,WSH,OF,-$11
640,Leonardo Bernal,STL,C,-$11
641,Mark Canha,FA,OF,-$11
642,Hayden Senger,NYM,C,-$11
643,Matthew Wood,MIL,C,-$11
644,Carson Whisenhunt,SF,SP,-$11
645,Jose Tena,WSH,3B,-$11
646,Wade Miley,FA,SP,-$11
647,Adael Amador,COL,2B,-$11
648,Tink Hence,STL,SP,-$11
649,Mitch Bratt,ARI,SP,-$11
650,Joey Wiemer,WSH,OF,-$11
651,Quinn Mathews,STL,SP,-$12
652,Gavin Stone,LAD,SP,-$12
653,Luis Perales,WSH,SP,-$12
654,Charlie Condon,COL,1B,-$12
655,Christian Encarnacion-Strand,CIN,1B,-$12
656,Zac Veen,COL,OF,-$12
657,Thomas Harrington,PIT,SP,-$12
658,Adam Mazur,MIA,SP,-$12
659,Garrett Hampson,CIN,2B/OF,-$12
660,McCade Brown,COL,SP,-$12
661,Matt Waldron,SD,SP,-$12
662,Coleman Crow,MIL,SP,-$12
663,MJ Melendez,NYM,OF,-$12
664,Carson Palmquist,COL,SP,-$12
665,Lourdes Gurriel Jr.,ARI,OF,-$13
666,Jack Suwinski,PIT,OF,-$13
667,Alex Freeland,LAD,3B,-$13
668,Orelvis Martinez,WSH,2B,-$13
669,Dylan Carlson,CHC,OF,-$13
670,Ryan Clifford,NYM,1B,-$13
671,Yoniel Curet,PHI,SP,-$13
672,JR Ritchie,ATL,SP,-$13
673,Triston McKenzie,SD,SP,-$13
674,Jared Young,NYM,1B,-$13
675,Christian Koss,SF,2B/SS/ 3B,-$13
676,Ryan Waldschmidt,ARI,OF,-$13
677,Nick Yorke,PIT,2B,-$14
678,Nacho Alvarez Jr.,ATL,3B,-$14
679,Vimael Machin,COL,2B,-$14
680,Jose Miranda,SD,3B,-$14
681,Riley Cornelio,WSH,SP,-$14
682,DJ LeMahieu,FA,3B,-$14
683,Esteury Ruiz,MIA,OF,-$14
684,Jonathon Long,CHC,1B,-$14
685,Didier Fuentes,ATL,SP,-$14
686,Aidan Miller,PHI,SS,-$14
687,Gabriel Hughes,COL,SP,-$14
688,Manuel Margot,FA,OF,-$14
689,Kyle Farmer,ATL,SS,-$14
690,Jean Cabrera,PHI,SP,-$14
691,Shinnosuke Ogasawara,WSH,SP,-$14
692,Ha-Seong Kim,ATL,SS,-$14
693,James Triantos,CHC,2B,-$14
694,Tirso Ornelas,SD,OF,-$14
695,Pete Hansen,STL,SP,-$14
696,Wilber Dotel,PIT,SP,-$14
697,Sean Sullivan,COL,SP,-$14
698,Carlos Carrasco,ATL,SP,-$14
699,T.J. Rumfield,COL,1B,-$14
700,Jagger Haynes,SD,SP,-$14
701,Bryan Torres,STL,OF,-$15
702,Endy Rodriguez,PIT,1B,-$15
703,Nick Morabito,NYM,OF,-$15
704,Akil Baddoo,MIL,OF,-$15
705,Brett Wisely,ATL,2B,-$15
706,Bradley Blalock,MIA,SP,-$15
707,Edwin Arroyo,CIN,SS,-$15
708,Mason McCoy,SD,SS,-$15
709,Nicky Lopez,COL,2B/SS,-$15
710,Yohandy Morales,WSH,3B,-$15
711,Tim Anderson,FA,SS,-$15
712,Ryan Ward,LAD,OF,-$15
713,Grant McCray,SF,OF,-$15
714,Vidal Brujan,NYM,2B,-$15
715,Brandon Lockridge,MIL,OF,-$15
716,Scott Kingery,CHC,OF,-$15
717,A.J. Vukovich,ARI,3B,-$15
718,Rafael Flores,PIT,1B,-$15
719,Ronny Simon,PIT,2B/OF,-$15
720,Tommy Troy,ARI,2B,-$15
721,Sterlin Thompson,COL,OF,-$15
722,Cavan Biggio,FA,1B/2B/ 3B/OF,-$15
723,Andrew Pinckney,WSH,OF,-$15
724,Hector Rodriguez,CIN,OF,-$15
725,Sam Hilliard,FA,OF,-$15
726,Oscar Gonzalez,FA,OF,-$15
727,Bryan De La Cruz,PHI,OF,-$16
728,Daz Cameron,MIL,OF,-$16
729,Enmanuel Valdez,PIT,1B/2B,-$16
730,Daniel Johnson,MIA,OF,-$16
731,Alika Williams,PIT,SS,-$16
732,DaShawn Keirsey Jr.,ATL,OF,-$16
733,Christian Franklin,WSH,OF,-$16
734,Blake Dunn,CIN,OF,-$16
735,Pablo Reyes,SD,2B/SS/ 3B,-$16
736,Forrest Wall,FA,2B,-$16
737,Trey Cabbage,FA,OF,-$16
738,Samad Taylor,SD,OF,-$16
739,Michael Siani,LAD,OF,-$16
740,Brewer Hicklen,ATL,OF,-$16
741,Blaze Jordan,STL,3B,-$16
742,Nate Furman,SF,2B,-$16
743,Eddie Rosario,FA,OF,-$16
744,Jason Vosler,FA,3B,-$16
745,Jose Azocar,ATL,OF,-$16
746,Sandro Fabian,FA,OF,-$16
747,Ji Hwan Bae,NYM,SS,-$16
748,Owen Miller,CHC,2B,-$16
749,Kevin Alcantara,CHC,OF,-$16
750,Tyler Callihan,CIN,2B,-$16
751,Maximo Acosta,MIA,3B,-$16
752,Kemp Alderman,MIA,OF,-$16
753,Billy Cook,PIT,OF,-$16
754,Adam Duvall,FA,OF,-$16
755,Kevin Kiermaier,FA,OF,-$16
756,Kevin Pillar,FA,OF,-$16
757,David Dahl,FA,OF,-$16
758,Joey Gallo,FA,OF,-$16
759,J.D. Davis,FA,1B/3B,-$16
760,Jamie Westbrook,FA,2B,-$16
761,Diego Castillo,FA,2B,-$16
762,Austin Shenton,FA,3B,-$16
763,Buddy Kennedy,SF,3B,-$16
764,Rece Hinds,CIN,OF,-$16
765,Warming Bernabel,WSH,1B,-$16
766,Bryan Ramos,STL,2B,-$16
767,Jose Ramos,NYM,OF,-$16
768,Gabriel Rincones Jr.,PHI,OF,-$16
769,Harold Ramirez,WSH,OF,-$16
770,Mike Ford,FA,1B,-$16
771,Luke Williams,ATL,OF,-$16
772,Travis Blankenhorn,FA,2B,-$16
773,Nick Maton,FA,3B,-$16
774,Aaron Schunk,ATL,2B,-$16
775,Matt Mervis,WSH,1B,-$16
776,Darren Baker,FA,2B,-$16
777,Pedro Leon,PHI,SS,-$16
778,Brock Wilken,MIL,3B,-$16
779,Donovan Solano,FA,2B,-$16
780,Hunter Renfroe,FA,OF,-$16
781,Sean Bouchard,FA,OF,-$16
782,Tyler Nevin,FA,3B,-$16
783,Estevan Florial,FA,OF,-$16
784,Dominic Fletcher,PIT,OF,-$16
785,Michael Toglia,CIN,1B,-$16
786,Jacob Amaya,ARI,SS,-$16
787,Kristian Robinson,ARI,OF,-$16
788,Ryan Fitzgerald,LAD,SS,-$16
789,Justin Dean,CHC,OF,-$16
790,Terrell Tatum,FA,OF,-$16
791,Jake Cave,FA,OF,-$16
792,Joshua Palacios,FA,OF,-$16
793,Elehuris Montero,FA,1B,-$16
794,Cristian Pache,NYM,OF,-$16
795,Eguy Rosario,FA,2B,-$16
796,Will Brennan,FA,OF,-$16
797,Clay Dungan,SD,2B,-$16
798,Matt Koperniak,STL,OF,-$16
799,Jared Serna,MIA,2B,-$16
800,Sam Brown,WSH,1B,-$16
801,Joshua Baez,STL,OF,-$16
802,Ben Cowles,CHC,SS,-$16
803,Albert Almora Jr.,FA,OF,-$16
804,Mitch Haniger,FA,OF,-$16
805,Jack Lopez,FA,2B,-$16
806,Nick Gordon,FA,OF,-$16
807,Luis Guillorme,FA,2B,-$16
808,Sergio Alcantara,WSH,SS,-$16
809,Emmanuel Rivera,FA,3B,-$16
810,Jared Walsh,FA,1B,-$16
811,Luis De Los Santos,FA,SS,-$16
812,Jesus Bastidas,MIA,SS,-$16
813,Grae Kessinger,NYM,2B,-$16
814,Jose Rojas,NYM,OF,-$16
815,Davis Wendzel,PIT,SS,-$16
816,Nelson Velazquez,STL,OF,-$16
817,Bligh Madris,STL,OF,-$16
818,Andre Lipcius,FA,2B,-$16
819,Alex Ramirez,FA,OF,-$16
820,Ethan Murray,MIL,SS,-$16
821,Jon Singleton,FA,1B,-$16
822,DJ Stewart,FA,OF,-$16
823,Cole Tucker,FA,2B,-$16
824,Bobby Dalbec,FA,1B/3B,-$16
825,Tyler Black,MIL,1B,-$16
826,Alan Trejo,FA,SS,-$16
827,Liover Peguero,PHI,SS,-$16
828,David Villar,FA,3B,-$16
829,David Hensley,MIA,3B,-$16
830,Drew Avans,COL,OF,-$16
831,Esmerlyn Valdez,PIT,OF,-$16
832,Leonardo Balcazar,CIN,SS,-$16
833,Steward Berroa,MIL,OF,-$16
834,Jacob Hurtubise,MIL,OF,-$16
835,Zach DeLoach,FA,OF,-$16
836,Jack Brannigan,PIT,SS,-$16
837,Cesar Prieto,STL,2B,-$16
838,Pedro Ramirez,CHC,2B,-$16
839,Jose Fernandez,ARI,SS,-$16
840,Matthew Batten,FA,SS,-$17
841,Jordyn Adams,MIL,OF,-$17
842,Trey Lipscomb,WSH,3B,-$17
843,Nick Senzel,LAD,OF,-$17
844,Taylor Young,LAD,2B,-$17
845,Kris Bryant,COL,DH,-$18
846,Luken Baker,ARI,DH,-$19
847,Juan Yepez,FA,DH,-$19
848,J.D. Martinez,FA,DH,-$19
849,Willie Calhoun,FA,DH,-$19
850,Oscar Colas,FA,DH,-$19